Elapsed time,SpO2,hr
'0:00.000',96.99996948,89.00076296
'0:01.000',96.99996948,88.00013733
'0:02.000',96.99996948,87.00044252
'0:03.000',96.99996948,87.00044252
'0:04.000',96.99996948,87.00044252
'0:05.000',96.00000000,87.00044252
'0:06.000',96.00000000,86.00074770
'0:07.000',96.00000000,85.00012207
'0:08.000',96.00000000,85.00012207
'0:09.000',96.00000000,82.00010681
'0:10.000',96.00000000,82.00010681
'0:11.000',96.00000000,81.00041200
'0:12.000',96.00000000,81.00041200
'0:13.000',96.00000000,81.00041200
'0:14.000',96.00000000,82.00010681
'0:15.000',96.00000000,83.00073244
'0:16.000',96.99996948,83.00073244
'0:17.000',96.99996948,83.00073244
'0:18.000',96.99996948,83.00073244
'0:19.000',96.99996948,83.00073244
'0:20.000',96.99996948,82.00010681
'0:21.000',96.99996948,82.00010681
'0:22.000',96.99996948,82.00010681
'0:23.000',96.99996948,82.00010681
'0:24.000',96.99996948,82.00010681
'0:25.000',96.99996948,82.00010681
'0:26.000',96.99996948,81.00041200
'0:27.000',96.99996948,81.00041200
'0:28.000',96.00000000,81.00041200
'0:29.000',96.00000000,81.00041200
'0:30.000',96.00000000,84.00042726
'0:31.000',96.99996948,84.00042726
'0:32.000',96.99996948,85.00012207
'0:33.000',96.99996948,85.00012207
'0:34.000',96.99996948,85.00012207
'0:35.000',96.99996948,84.00042726
'0:36.000',96.99996948,82.00010681
'0:37.000',96.99996948,81.00041200
'0:38.000',96.00000000,80.00071719
'0:39.000',96.00000000,79.00009156
'0:40.000',96.00000000,78.00039674
'0:41.000',95.00003052,77.00070193
'0:42.000',95.00003052,77.00070193
'0:43.000',96.00000000,76.00007630
'0:44.000',96.00000000,75.00038148
'0:45.000',96.00000000,74.00068667
'0:46.000',96.00000000,74.00068667
'0:47.000',96.00000000,73.00006104
'0:48.000',96.99996948,73.00006104
'0:49.000',96.99996948,73.00006104
'0:50.000',96.99996948,72.00036622
'0:51.000',96.99996948,71.00067141
'0:52.000',96.99996948,71.00067141
'0:53.000',96.99996948,70.00004578
'0:54.000',96.99996948,70.00004578
'0:55.000',96.00000000,70.00004578
'0:56.000',96.00000000,70.00004578
'0:57.000',96.00000000,71.00067141
'0:58.000',96.00000000,71.00067141
'0:59.000',96.99996948,71.00067141
'1:00.000',96.99996948,71.00067141
'1:01.000',96.99996948,71.00067141
'1:02.000',96.99996948,72.00036622
'1:03.000',96.99996948,73.00006104
'1:04.000',96.99996948,74.00068667
'1:05.000',96.99996948,74.00068667
'1:06.000',96.99996948,74.00068667
'1:07.000',97.99993896,73.00006104
'1:08.000',97.99993896,71.00067141
'1:09.000',97.99993896,69.00035096
'1:10.000',96.99996948,68.00065615
'1:11.000',96.99996948,67.00003052
'1:12.000',96.99996948,66.00033570
'1:13.000',96.99996948,68.00065615
'1:14.000',96.99996948,68.00065615
'1:15.000',96.00000000,69.00035096
'1:16.000',96.00000000,71.00067141
'1:17.000',96.00000000,72.00036622
'1:18.000',96.00000000,71.00067141
'1:19.000',96.00000000,71.00067141
'1:20.000',96.00000000,70.00004578
'1:21.000',96.00000000,69.00035096
'1:22.000',96.00000000,68.00065615
'1:23.000',96.00000000,67.00003052
'1:24.000',96.00000000,67.00003052
'1:25.000',96.00000000,67.00003052
'1:26.000',96.00000000,67.00003052
'1:27.000',96.00000000,67.00003052
'1:28.000',96.00000000,68.00065615
'1:29.000',96.00000000,68.00065615
'1:30.000',95.00003052,69.00035096
'1:31.000',95.00003052,69.00035096
'1:32.000',95.00003052,69.00035096
'1:33.000',95.00003052,69.00035096
'1:34.000',95.00003052,68.00065615
'1:35.000',95.00003052,68.00065615
'1:36.000',95.00003052,68.00065615
'1:37.000',95.00003052,68.00065615
'1:38.000',95.00003052,68.00065615
'1:39.000',95.00003052,69.00035096
'1:40.000',95.00003052,69.00035096
'1:41.000',95.00003052,69.00035096
'1:42.000',95.00003052,70.00004578
'1:43.000',96.00000000,71.00067141
'1:44.000',96.00000000,70.00004578
'1:45.000',96.00000000,70.00004578
'1:46.000',96.00000000,70.00004578
'1:47.000',96.00000000,70.00004578
'1:48.000',96.00000000,70.00004578
'1:49.000',96.00000000,71.00067141
'1:50.000',96.00000000,73.00006104
'1:51.000',96.00000000,73.00006104
'1:52.000',96.00000000,75.00038148
'1:53.000',96.00000000,77.00070193
'1:54.000',96.00000000,77.00070193
'1:55.000',96.00000000,77.00070193
'1:56.000',96.00000000,77.00070193
'1:57.000',96.00000000,76.00007630
'1:58.000',96.00000000,76.00007630
'1:59.000',96.00000000,76.00007630
'2:00.000',96.00000000,76.00007630
'2:01.000',96.00000000,76.00007630
'2:02.000',96.00000000,76.00007630
'2:03.000',96.00000000,76.00007630
'2:04.000',96.00000000,76.00007630
'2:05.000',96.00000000,75.00038148
'2:06.000',96.00000000,74.00068667
'2:07.000',96.00000000,72.00036622
'2:08.000',96.00000000,71.00067141
'2:09.000',96.00000000,70.00004578
'2:10.000',96.00000000,69.00035096
'2:11.000',96.00000000,69.00035096
'2:12.000',96.00000000,69.00035096
'2:13.000',96.00000000,69.00035096
'2:14.000',96.00000000,69.00035096
'2:15.000',96.00000000,69.00035096
'2:16.000',96.00000000,69.00035096
'2:17.000',96.00000000,69.00035096
'2:18.000',96.00000000,69.00035096
'2:19.000',96.00000000,69.00035096
'2:20.000',96.00000000,69.00035096
'2:21.000',96.00000000,69.00035096
'2:22.000',96.00000000,70.00004578
'2:23.000',96.00000000,70.00004578
'2:24.000',96.00000000,71.00067141
'2:25.000',96.00000000,71.00067141
'2:26.000',96.00000000,71.00067141
'2:27.000',95.00003052,71.00067141
'2:28.000',95.00003052,70.00004578
'2:29.000',95.00003052,70.00004578
'2:30.000',95.00003052,70.00004578
'2:31.000',95.00003052,71.00067141
'2:32.000',95.00003052,71.00067141
'2:33.000',96.00000000,71.00067141
'2:34.000',96.00000000,72.00036622
'2:35.000',96.00000000,72.00036622
'2:36.000',96.00000000,71.00067141
'2:37.000',96.00000000,71.00067141
'2:38.000',96.00000000,70.00004578
'2:39.000',96.00000000,70.00004578
'2:40.000',96.00000000,70.00004578
'2:41.000',96.00000000,69.00035096
'2:42.000',96.00000000,69.00035096
'2:43.000',96.00000000,69.00035096
'2:44.000',96.00000000,68.00065615
'2:45.000',96.00000000,68.00065615
'2:46.000',96.00000000,68.00065615
'2:47.000',96.00000000,68.00065615
'2:48.000',96.00000000,68.00065615
'2:49.000',96.00000000,68.00065615
'2:50.000',96.00000000,69.00035096
'2:51.000',96.00000000,69.00035096
'2:52.000',95.00003052,69.00035096
'2:53.000',95.00003052,69.00035096
'2:54.000',95.00003052,70.00004578
'2:55.000',95.00003052,70.00004578
'2:56.000',95.00003052,70.00004578
'2:57.000',95.00003052,70.00004578
'2:58.000',95.00003052,70.00004578
'2:59.000',95.00003052,70.00004578
'3:00.000',95.00003052,70.00004578
'3:01.000',95.00003052,70.00004578
'3:02.000',95.00003052,70.00004578
'3:03.000',95.00003052,70.00004578
'3:04.000',95.00003052,70.00004578
'3:05.000',95.00003052,71.00067141
'3:06.000',95.00003052,72.00036622
'3:07.000',95.00003052,72.00036622
'3:08.000',95.00003052,72.00036622
'3:09.000',95.00003052,73.00006104
'3:10.000',95.00003052,73.00006104
'3:11.000',95.00003052,73.00006104
'3:12.000',95.00003052,73.00006104
'3:13.000',96.00000000,75.00038148
'3:14.000',96.00000000,77.00070193
'3:15.000',96.00000000,77.00070193
'3:16.000',96.00000000,78.00039674
'3:17.000',96.00000000,78.00039674
'3:18.000',96.00000000,78.00039674
'3:19.000',96.00000000,77.00070193
'3:20.000',96.00000000,77.00070193
'3:21.000',96.00000000,76.00007630
'3:22.000',96.00000000,76.00007630
'3:23.000',96.00000000,75.00038148
'3:24.000',96.00000000,75.00038148
'3:25.000',96.00000000,74.00068667
'3:26.000',96.00000000,74.00068667
'3:27.000',96.00000000,74.00068667
'3:28.000',96.00000000,73.00006104
'3:29.000',96.00000000,73.00006104
'3:30.000',96.00000000,72.00036622
'3:31.000',96.00000000,72.00036622
'3:32.000',96.00000000,72.00036622
'3:33.000',96.00000000,72.00036622
'3:34.000',96.00000000,72.00036622
'3:35.000',96.00000000,72.00036622
'3:36.000',96.00000000,71.00067141
'3:37.000',96.00000000,71.00067141
'3:38.000',96.00000000,71.00067141
'3:39.000',96.00000000,71.00067141
'3:40.000',96.00000000,71.00067141
'3:41.000',96.00000000,71.00067141
'3:42.000',96.00000000,71.00067141
'3:43.000',96.00000000,71.00067141
'3:44.000',96.00000000,71.00067141
'3:45.000',96.00000000,71.00067141
'3:46.000',96.00000000,72.00036622
'3:47.000',96.00000000,72.00036622
'3:48.000',96.00000000,72.00036622
'3:49.000',96.00000000,73.00006104
'3:50.000',96.00000000,73.00006104
'3:51.000',96.00000000,73.00006104
'3:52.000',96.00000000,73.00006104
'3:53.000',96.00000000,73.00006104
'3:54.000',96.00000000,73.00006104
'3:55.000',96.00000000,73.00006104
'3:56.000',96.00000000,73.00006104
'3:57.000',96.00000000,73.00006104
'3:58.000',96.00000000,74.00068667
'3:59.000',96.00000000,74.00068667
'4:00.000',96.00000000,74.00068667
'4:01.000',96.00000000,75.00038148
'4:02.000',96.00000000,77.00070193
'4:03.000',96.00000000,77.00070193
'4:04.000',96.00000000,79.00009156
'4:05.000',96.00000000,80.00071719
'4:06.000',96.00000000,78.00039674
'4:07.000',96.00000000,76.00007630
'4:08.000',96.00000000,76.00007630
'4:09.000',96.00000000,75.00038148
'4:10.000',96.00000000,75.00038148
'4:11.000',96.00000000,75.00038148
'4:12.000',96.00000000,76.00007630
'4:13.000',96.00000000,76.00007630
'4:14.000',96.00000000,76.00007630
'4:15.000',96.00000000,76.00007630
'4:16.000',96.00000000,77.00070193
'4:17.000',96.00000000,77.00070193
'4:18.000',96.00000000,77.00070193
'4:19.000',96.00000000,76.00007630
'4:20.000',96.00000000,76.00007630
'4:21.000',96.00000000,75.00038148
'4:22.000',96.00000000,74.00068667
'4:23.000',96.00000000,74.00068667
'4:24.000',96.00000000,74.00068667
'4:25.000',96.00000000,74.00068667
'4:26.000',96.00000000,74.00068667
'4:27.000',96.00000000,74.00068667
'4:28.000',96.00000000,74.00068667
'4:29.000',96.00000000,74.00068667
'4:30.000',96.00000000,74.00068667
'4:31.000',96.00000000,74.00068667
'4:32.000',96.00000000,73.00006104
'4:33.000',96.00000000,73.00006104
'4:34.000',96.00000000,73.00006104
'4:35.000',96.00000000,73.00006104
'4:36.000',96.00000000,73.00006104
'4:37.000',96.00000000,73.00006104
'4:38.000',96.00000000,73.00006104
'4:39.000',96.00000000,73.00006104
'4:40.000',96.00000000,72.00036622
'4:41.000',96.00000000,71.00067141
'4:42.000',96.00000000,71.00067141
'4:43.000',96.00000000,71.00067141
'4:44.000',96.00000000,71.00067141
'4:45.000',96.00000000,71.00067141
'4:46.000',96.00000000,71.00067141
'4:47.000',96.00000000,72.00036622
'4:48.000',96.00000000,73.00006104
'4:49.000',96.00000000,73.00006104
'4:50.000',96.00000000,73.00006104
'4:51.000',96.00000000,73.00006104
'4:52.000',96.00000000,73.00006104
'4:53.000',96.00000000,73.00006104
'4:54.000',96.00000000,73.00006104
'4:55.000',96.00000000,73.00006104
'4:56.000',96.00000000,73.00006104
'4:57.000',96.00000000,73.00006104
'4:58.000',96.00000000,73.00006104
'4:59.000',96.00000000,72.00036622
'5:00.000',96.00000000,72.00036622
'5:01.000',96.00000000,76.00007630
'5:02.000',95.00003052,74.00068667
'5:03.000',95.00003052,73.00006104
'5:04.000',95.00003052,73.00006104
'5:05.000',95.00003052,72.00036622
'5:06.000',95.00003052,72.00036622
'5:07.000',95.00003052,72.00036622
'5:08.000',95.00003052,73.00006104
'5:09.000',96.00000000,75.00038148
'5:10.000',96.00000000,75.00038148
'5:11.000',96.00000000,77.00070193
'5:12.000',96.00000000,77.00070193
'5:13.000',96.00000000,78.00039674
'5:14.000',96.00000000,78.00039674
'5:15.000',96.00000000,80.00071719
'5:16.000',96.00000000,80.00071719
'5:17.000',96.00000000,80.00071719
'5:18.000',96.00000000,80.00071719
'5:19.000',96.00000000,79.00009156
'5:20.000',96.00000000,79.00009156
'5:21.000',96.00000000,78.00039674
'5:22.000',96.00000000,78.00039674
'5:23.000',96.00000000,79.00009156
'5:24.000',96.00000000,79.00009156
'5:25.000',96.00000000,80.00071719
'5:26.000',96.00000000,79.00009156
'5:27.000',96.00000000,77.00070193
'5:28.000',96.00000000,75.00038148
'5:29.000',96.00000000,74.00068667
'5:30.000',96.00000000,74.00068667
'5:31.000',96.00000000,73.00006104
'5:32.000',96.00000000,73.00006104
'5:33.000',96.00000000,73.00006104
'5:34.000',96.00000000,73.00006104
'5:35.000',96.00000000,73.00006104
'5:36.000',96.00000000,73.00006104
'5:37.000',96.00000000,74.00068667
'5:38.000',96.00000000,74.00068667
'5:39.000',96.00000000,74.00068667
'5:40.000',96.00000000,74.00068667
'5:41.000',96.00000000,75.00038148
'5:42.000',96.00000000,75.00038148
'5:43.000',96.00000000,76.00007630
'5:44.000',96.00000000,78.00039674
'5:45.000',96.00000000,79.00009156
'5:46.000',96.00000000,78.00039674
'5:47.000',96.00000000,77.00070193
'5:48.000',96.00000000,77.00070193
'5:49.000',96.00000000,83.00073244
'5:50.000',96.00000000,86.00074770
'5:51.000',96.00000000,87.00044252
'5:52.000',95.00003052,90.00045778
'5:53.000',95.00003052,92.00077822
'5:54.000',95.00003052,94.00016785
'5:55.000',95.00003052,96.00048830
'5:56.000',95.00003052,98.99957274
'5:57.000',96.00000000,102.99928282
'5:58.000',96.00000000,104.99960326
'5:59.000',96.00000000,104.99960326
'6:00.000',96.00000000,107.99961852
'6:01.000',96.99996948,106.99992370
'6:02.000',96.99996948,103.99990844
'6:03.000',96.99996948,98.99957274
'6:04.000',96.99996948,93.00047304
'6:05.000',96.99996948,91.00015259
'6:06.000',96.99996948,88.00013733
'6:07.000',97.99993896,87.00044252
'6:08.000',97.99993896,85.00012207
'6:09.000',97.99993896,85.00012207
'6:10.000',97.99993896,85.00012207
'6:11.000',97.99993896,87.00044252
'6:12.000',97.99993896,90.00045778
'6:13.000',97.99993896,90.00045778
'6:14.000',97.99993896,93.00047304
'6:15.000',97.99993896,93.00047304
'6:16.000',97.99993896,91.00015259
'6:17.000',97.99993896,90.00045778
'6:18.000',97.99993896,89.00076296
'6:19.000',96.99996948,88.00013733
'6:20.000',96.99996948,87.00044252
'6:21.000',96.99996948,87.00044252
'6:22.000',96.99996948,88.00013733
'6:23.000',96.99996948,88.00013733
'6:24.000',96.99996948,88.00013733
'6:25.000',96.99996948,87.00044252
'6:26.000',96.99996948,87.00044252
'6:27.000',96.99996948,87.00044252
'6:28.000',96.99996948,88.00013733
'6:29.000',96.00000000,88.00013733
'6:30.000',96.00000000,88.00013733
'6:31.000',96.00000000,89.00076296
'6:32.000',96.00000000,89.00076296
'6:33.000',96.00000000,89.00076296
'6:34.000',96.00000000,88.00013733
'6:35.000',96.00000000,87.00044252
'6:36.000',96.00000000,88.00013733
'6:37.000',96.99996948,89.00076296
'6:38.000',96.99996948,91.00015259
'6:39.000',96.99996948,92.00077822
'6:40.000',96.99996948,92.00077822
'6:41.000',96.99996948,91.00015259
'6:42.000',96.99996948,91.00015259
'6:43.000',96.99996948,92.00077822
'6:44.000',96.99996948,92.00077822
'6:45.000',96.00000000,93.00047304
'6:46.000',96.00000000,92.00077822
'6:47.000',96.00000000,91.00015259
'6:48.000',96.00000000,87.00044252
'6:49.000',96.00000000,86.00074770
'6:50.000',96.00000000,85.00012207
'6:51.000',96.00000000,84.00042726
'6:52.000',96.00000000,84.00042726
'6:53.000',96.00000000,84.00042726
'6:54.000',96.00000000,84.00042726
'6:55.000',96.00000000,84.00042726
'6:56.000',96.00000000,84.00042726
'6:57.000',96.00000000,84.00042726
'6:58.000',96.00000000,83.00073244
'6:59.000',96.00000000,83.00073244
'7:00.000',96.99996948,86.00074770
'7:01.000',96.99996948,86.00074770
'7:02.000',96.99996948,84.00042726
'7:03.000',96.99996948,88.00013733
'7:04.000',96.99996948,91.00015259
'7:05.000',96.99996948,94.00016785
'7:06.000',96.99996948,94.00016785
'7:07.000',96.99996948,96.99925230
'7:08.000',96.99996948,98.99957274
'7:09.000',96.99996948,99.99926756
'7:10.000',96.99996948,99.99926756
'7:11.000',96.99996948,99.99926756
'7:12.000',96.99996948,95.00079348
'7:13.000',96.99996948,94.00016785
'7:14.000',96.99996948,92.00077822
'7:15.000',96.99996948,92.00077822
'7:16.000',96.00000000,92.00077822
'7:17.000',96.00000000,92.00077822
'7:18.000',96.00000000,92.00077822
'7:19.000',96.00000000,90.00045778
'7:20.000',96.00000000,90.00045778
'7:21.000',96.00000000,88.00013733
'7:22.000',96.99996948,88.00013733
'7:23.000',96.99996948,83.00073244
'7:24.000',96.99996948,83.00073244
'7:25.000',96.99996948,83.00073244
'7:26.000',96.99996948,84.00042726
'7:27.000',96.99996948,84.00042726
'7:28.000',96.00000000,86.00074770
'7:29.000',96.00000000,86.00074770
'7:30.000',96.00000000,89.00076296
'7:31.000',96.00000000,89.00076296
'7:32.000',95.00003052,90.00045778
'7:33.000',95.00003052,91.00015259
'7:34.000',95.00003052,92.00077822
'7:35.000',95.00003052,92.00077822
'7:36.000',95.00003052,93.00047304
'7:37.000',95.00003052,93.00047304
'7:38.000',95.00003052,93.00047304
'7:39.000',95.00003052,93.00047304
'7:40.000',95.00003052,94.00016785
'7:41.000',95.00003052,94.00016785
'7:42.000',95.00003052,94.00016785
'7:43.000',95.00003052,94.00016785
'7:44.000',95.00003052,95.00079348
'7:45.000',95.00003052,95.00079348
'7:46.000',96.00000000,96.99925230
'7:47.000',96.00000000,96.99925230
'7:48.000',96.00000000,96.99925230
'7:49.000',96.00000000,96.99925230
'7:50.000',96.00000000,96.99925230
'7:51.000',96.99996948,96.99925230
'7:52.000',96.99996948,97.99987793
'7:53.000',96.99996948,98.99957274
'7:54.000',96.99996948,98.99957274
'7:55.000',97.99993896,99.99926756
'7:56.000',97.99993896,100.99989319
'7:57.000',96.99996948,100.99989319
'7:58.000',96.99996948,101.99958800
'7:59.000',96.99996948,103.99990844
'8:00.000',96.99996948,103.99990844
'8:01.000',96.99996948,103.99990844
'8:02.000',96.00000000,103.99990844
'8:03.000',96.00000000,106.99992370
'8:04.000',96.00000000,106.99992370
'8:05.000',96.00000000,108.99931333
'8:06.000',96.00000000,107.99961852
'8:07.000',96.00000000,108.99931333
'8:08.000',96.00000000,108.99931333
'8:09.000',96.00000000,108.99931333
'8:10.000',96.00000000,107.99961852
'8:11.000',96.00000000,107.99961852
'8:12.000',96.00000000,107.99961852
'8:13.000',96.00000000,107.99961852
'8:14.000',96.00000000,107.99961852
'8:15.000',96.00000000,108.99931333
'8:16.000',96.00000000,110.99963378
'8:17.000',96.00000000,110.99963378
'8:18.000',96.00000000,109.99993896
'8:19.000',96.00000000,107.99961852
'8:20.000',96.00000000,106.99992370
'8:21.000',96.00000000,106.99992370
'8:22.000',96.00000000,105.99929807
'8:23.000',96.00000000,104.99960326
'8:24.000',96.99996948,104.99960326
'8:25.000',96.99996948,102.99928282
'8:26.000',96.99996948,102.99928282
'8:27.000',96.99996948,102.99928282
'8:28.000',96.99996948,102.99928282
'8:29.000',97.99993896,103.99990844
'8:30.000',97.99993896,103.99990844
'8:31.000',97.99993896,103.99990844
'8:32.000',97.99993896,103.99990844
'8:33.000',97.99993896,103.99990844
'8:34.000',96.99996948,103.99990844
'8:35.000',96.99996948,104.99960326
'8:36.000',96.99996948,104.99960326
'8:37.000',96.99996948,104.99960326
'8:38.000',96.99996948,104.99960326
'8:39.000',96.99996948,104.99960326
'8:40.000',96.99996948,103.99990844
'8:41.000',96.99996948,102.99928282
'8:42.000',96.99996948,102.99928282
'8:43.000',96.99996948,101.99958800
'8:44.000',96.99996948,101.99958800
'8:45.000',96.99996948,101.99958800
'8:46.000',96.99996948,101.99958800
'8:47.000',96.99996948,101.99958800
'8:48.000',96.99996948,101.99958800
'8:49.000',96.99996948,101.99958800
'8:50.000',96.99996948,101.99958800
'8:51.000',96.99996948,101.99958800
'8:52.000',96.99996948,100.99989319
'8:53.000',96.99996948,100.99989319
'8:54.000',96.99996948,100.99989319
'8:55.000',96.99996948,99.99926756
'8:56.000',96.99996948,99.99926756
'8:57.000',96.99996948,98.99957274
'8:58.000',96.99996948,98.99957274
'8:59.000',96.99996948,99.99926756
'9:00.000',96.00000000,98.99957274
'9:01.000',96.00000000,99.99926756
'9:02.000',96.00000000,98.99957274
'9:03.000',96.00000000,98.99957274
'9:04.000',96.00000000,98.99957274
'9:05.000',96.00000000,99.99926756
'9:06.000',96.00000000,99.99926756
'9:07.000',96.00000000,99.99926756
'9:08.000',96.00000000,99.99926756
'9:09.000',96.00000000,97.99987793
'9:10.000',96.00000000,97.99987793
'9:11.000',96.00000000,95.00079348
'9:12.000',96.00000000,95.00079348
'9:13.000',96.00000000,95.00079348
'9:14.000',96.00000000,95.00079348
'9:15.000',96.00000000,95.00079348
'9:16.000',96.00000000,95.00079348
'9:17.000',96.00000000,95.00079348
'9:18.000',96.00000000,96.00048830
'9:19.000',96.00000000,96.00048830
'9:20.000',96.00000000,96.00048830
'9:21.000',96.00000000,99.99926756
'9:22.000',96.00000000,102.99928282
'9:23.000',96.99996948,104.99960326
'9:24.000',96.00000000,104.99960326
'9:25.000',96.00000000,105.99929807
'9:26.000',96.00000000,105.99929807
'9:27.000',96.00000000,105.99929807
'9:28.000',96.00000000,105.99929807
'9:29.000',96.00000000,105.99929807
'9:30.000',96.00000000,105.99929807
'9:31.000',96.00000000,105.99929807
'9:32.000',96.00000000,104.99960326
'9:33.000',96.00000000,105.99929807
'9:34.000',97.99993896,105.99929807
'9:35.000',97.99993896,107.99961852
'9:36.000',97.99993896,107.99961852
'9:37.000',97.99993896,107.99961852
'9:38.000',97.99993896,107.99961852
'9:39.000',97.99993896,107.99961852
'9:40.000',96.99996948,107.99961852
'9:41.000',96.99996948,107.99961852
'9:42.000',96.99996948,107.99961852
'9:43.000',96.99996948,109.99993896
'9:44.000',96.99996948,110.99963378
'9:45.000',96.99996948,110.99963378
'9:46.000',96.99996948,110.99963378
'9:47.000',96.99996948,110.99963378
'9:48.000',96.99996948,110.99963378
'9:49.000',96.99996948,110.99963378
'9:50.000',96.99996948,110.99963378
'9:51.000',96.99996948,110.99963378
'9:52.000',96.99996948,111.99932859
'9:53.000',96.99996948,111.99932859
'9:54.000',96.99996948,111.99932859
'9:55.000',96.99996948,111.99932859
'9:56.000',96.99996948,111.99932859
'9:57.000',96.99996948,111.99932859
'9:58.000',96.99996948,111.99932859
'9:59.000',96.99996948,112.99995422
'10:00.000',96.99996948,112.99995422
'10:01.000',96.99996948,112.99995422
'10:02.000',96.99996948,113.99964904
'10:03.000',96.99996948,113.99964904
'10:04.000',96.99996948,113.99964904
'10:05.000',96.99996948,113.99964904
'10:06.000',96.99996948,113.99964904
'10:07.000',96.99996948,113.99964904
'10:08.000',96.99996948,113.99964904
'10:09.000',96.99996948,113.99964904
'10:10.000',96.99996948,113.99964904
'10:11.000',96.99996948,113.99964904
'10:12.000',96.99996948,114.99934385
'10:13.000',96.99996948,115.99996948
'10:14.000',96.99996948,115.99996948
'10:15.000',96.00000000,115.99996948
'10:16.000',96.00000000,115.99996948
'10:17.000',96.00000000,116.99966430
'10:18.000',96.00000000,111.99932859
'10:19.000',96.00000000,111.99932859
'10:20.000',96.00000000,110.99963378
'10:21.000',95.00003052,110.99963378
'10:22.000',95.00003052,111.99932859
'10:23.000',95.00003052,111.99932859
'10:24.000',95.00003052,111.99932859
'10:25.000',95.00003052,112.99995422
'10:26.000',95.00003052,112.99995422
'10:27.000',95.00003052,112.99995422
'10:28.000',95.00003052,113.99964904
'10:29.000',95.00003052,113.99964904
'10:30.000',95.00003052,124.99908445
'10:31.000',95.00003052,124.99908445
'10:32.000',95.00003052,124.99908445
'10:33.000',95.00003052,124.99908445
'10:34.000',95.00003052,124.99908445
'10:35.000',95.00003052,123.99938963
'10:36.000',95.00003052,123.99938963
'10:37.000',95.00003052,122.00000000
'10:38.000',95.00003052,114.99934385
'10:39.000',95.00003052,106.99992370
'10:40.000',95.00003052,106.99992370
'10:41.000',95.00003052,106.99992370
'10:42.000',95.00003052,95.00079348
'10:43.000',95.00003052,95.00079348
'10:44.000',95.00003052,95.00079348
'10:45.000',95.00003052,95.00079348
'10:46.000',95.00003052,93.00047304
'10:47.000',95.00003052,94.00016785
'10:48.000',95.00003052,94.00016785
'10:49.000',95.00003052,94.00016785
'10:50.000',95.00003052,94.00016785
'10:51.000',95.00003052,94.00016785
'10:52.000',95.00003052,94.00016785
'10:53.000',95.00003052,94.00016785
'10:54.000',95.00003052,96.00048830
'10:55.000',95.00003052,96.99925230
'10:56.000',95.00003052,96.99925230
'10:57.000',95.00003052,100.99989319
'10:58.000',96.00000000,108.99931333
'10:59.000',96.00000000,112.99995422
'11:00.000',96.00000000,115.99996948
'11:01.000',96.00000000,118.99998474
'11:02.000',95.00003052,122.00000000
'11:03.000',95.00003052,123.99938963
'11:04.000',95.00003052,125.99971007
'11:05.000',96.00000000,126.99940489
'11:06.000',96.00000000,126.99940489
'11:07.000',96.00000000,126.99940489
'11:08.000',96.00000000,126.99940489
'11:09.000',96.00000000,126.99940489
'11:10.000',96.00000000,123.99938963
'11:11.000',96.99996948,117.99935911
'11:12.000',96.99996948,115.99996948
'11:13.000',96.99996948,114.99934385
'11:14.000',96.99996948,111.99932859
'11:15.000',97.99993896,109.99993896
'11:16.000',97.99993896,110.99963378
'11:17.000',96.99996948,110.99963378
'11:18.000',96.99996948,110.99963378
'11:19.000',96.99996948,109.99993896
'11:20.000',96.00000000,108.99931333
'11:21.000',96.99996948,104.99960326
'11:22.000',96.99996948,101.99958800
'11:23.000',96.99996948,97.99987793
'11:24.000',96.99996948,96.00048830
'11:25.000',96.99996948,94.00016785
'11:26.000',96.99996948,93.00047304
'11:27.000',96.99996948,93.00047304
'11:28.000',96.99996948,94.00016785
'11:29.000',96.99996948,94.00016785
'11:30.000',96.99996948,95.00079348
'11:31.000',96.00000000,92.00077822
'11:32.000',96.00000000,91.00015259
'11:33.000',96.00000000,91.00015259
'11:34.000',96.00000000,92.00077822
'11:35.000',96.00000000,93.00047304
'11:36.000',96.00000000,95.00079348
'11:37.000',96.00000000,94.00016785
'11:38.000',96.00000000,92.00077822
'11:39.000',96.00000000,91.00015259
'11:40.000',96.00000000,90.00045778
'11:41.000',96.00000000,90.00045778
'11:42.000',96.00000000,89.00076296
'11:43.000',96.00000000,87.00044252
'11:44.000',96.00000000,87.00044252
'11:45.000',96.00000000,84.00042726
'11:46.000',96.00000000,84.00042726
'11:47.000',96.00000000,84.00042726
'11:48.000',96.00000000,83.00073244
'11:49.000',96.00000000,83.00073244
'11:50.000',96.00000000,83.00073244
'11:51.000',96.00000000,82.00010681
'11:52.000',96.00000000,82.00010681
'11:53.000',96.00000000,82.00010681
'11:54.000',96.00000000,81.00041200
'11:55.000',96.99996948,80.00071719
'11:56.000',96.99996948,80.00071719
'11:57.000',96.99996948,80.00071719
'11:58.000',96.99996948,80.00071719
'11:59.000',96.99996948,80.00071719
'12:00.000',96.99996948,80.00071719
'12:01.000',96.99996948,80.00071719
'12:02.000',96.99996948,80.00071719
'12:03.000',96.99996948,79.00009156
'12:04.000',96.00000000,79.00009156
'12:05.000',96.00000000,78.00039674
'12:06.000',96.00000000,78.00039674
'12:07.000',96.00000000,78.00039674
'12:08.000',96.00000000,78.00039674
'12:09.000',96.00000000,78.00039674
'12:10.000',96.00000000,77.00070193
'12:11.000',96.00000000,76.00007630
'12:12.000',96.00000000,76.00007630
'12:13.000',96.99996948,76.00007630
'12:14.000',96.99996948,76.00007630
'12:15.000',96.99996948,76.00007630
'12:16.000',96.99996948,77.00070193
'12:17.000',96.99996948,77.00070193
'12:18.000',96.99996948,77.00070193
'12:19.000',96.00000000,77.00070193
'12:20.000',96.00000000,77.00070193
'12:21.000',96.00000000,77.00070193
'12:22.000',96.00000000,77.00070193
'12:23.000',96.00000000,77.00070193
'12:24.000',96.00000000,77.00070193
'12:25.000',96.00000000,77.00070193
'12:26.000',96.00000000,77.00070193
'12:27.000',96.00000000,77.00070193
'12:28.000',96.00000000,78.00039674
'12:29.000',96.00000000,84.00042726
'12:30.000',96.00000000,84.00042726
'12:31.000',96.00000000,86.00074770
'12:32.000',96.00000000,87.00044252
'12:33.000',96.00000000,83.00073244
'12:34.000',96.00000000,80.00071719
'12:35.000',96.00000000,79.00009156
'12:36.000',96.00000000,76.00007630
'12:37.000',96.00000000,76.00007630
'12:38.000',96.00000000,77.00070193
'12:39.000',96.00000000,77.00070193
'12:40.000',96.00000000,77.00070193
'12:41.000',96.00000000,77.00070193
'12:42.000',96.00000000,77.00070193
'12:43.000',96.00000000,76.00007630
'12:44.000',96.00000000,76.00007630
'12:45.000',96.00000000,76.00007630
'12:46.000',96.00000000,76.00007630
'12:47.000',96.00000000,77.00070193
'12:48.000',96.00000000,77.00070193
'12:49.000',96.00000000,78.00039674
'12:50.000',96.00000000,78.00039674
'12:51.000',96.00000000,78.00039674
'12:52.000',96.00000000,77.00070193
'12:53.000',96.00000000,77.00070193
'12:54.000',96.00000000,76.00007630
'12:55.000',96.00000000,74.00068667
'12:56.000',96.00000000,74.00068667
'12:57.000',96.00000000,73.00006104
'12:58.000',96.00000000,72.00036622
'12:59.000',96.00000000,72.00036622
'13:00.000',96.00000000,71.00067141
'13:01.000',96.00000000,71.00067141
'13:02.000',96.00000000,71.00067141
'13:03.000',96.00000000,72.00036622
'13:04.000',96.00000000,72.00036622
'13:05.000',96.00000000,73.00006104
'13:06.000',96.00000000,73.00006104
'13:07.000',96.00000000,73.00006104
'13:08.000',96.00000000,73.00006104
'13:09.000',96.00000000,73.00006104
'13:10.000',96.00000000,72.00036622
'13:11.000',96.00000000,72.00036622
'13:12.000',96.00000000,72.00036622
'13:13.000',96.00000000,72.00036622
'13:14.000',96.00000000,72.00036622
'13:15.000',96.00000000,73.00006104
'13:16.000',96.00000000,74.00068667
'13:17.000',96.00000000,75.00038148
'13:18.000',96.00000000,75.00038148
'13:19.000',96.00000000,76.00007630
'13:20.000',96.00000000,77.00070193
'13:21.000',96.00000000,78.00039674
'13:22.000',96.00000000,80.00071719
'13:23.000',96.00000000,80.00071719
'13:24.000',96.00000000,82.00010681
'13:25.000',96.00000000,84.00042726
'13:26.000',96.00000000,84.00042726
'13:27.000',96.00000000,83.00073244
'13:28.000',96.00000000,83.00073244
'13:29.000',96.00000000,83.00073244
'13:30.000',96.99996948,82.00010681
'13:31.000',96.99996948,82.00010681
'13:32.000',96.00000000,81.00041200
'13:33.000',96.00000000,80.00071719
'13:34.000',96.00000000,79.00009156
'13:35.000',96.00000000,79.00009156
'13:36.000',96.00000000,79.00009156
'13:37.000',96.00000000,78.00039674
'13:38.000',96.00000000,77.00070193
'13:39.000',96.00000000,77.00070193
'13:40.000',96.00000000,77.00070193
'13:41.000',96.00000000,76.00007630
'13:42.000',96.00000000,76.00007630
'13:43.000',96.00000000,76.00007630
'13:44.000',96.00000000,76.00007630
'13:45.000',96.00000000,76.00007630
'13:46.000',96.00000000,76.00007630
'13:47.000',96.00000000,76.00007630
'13:48.000',96.00000000,76.00007630
'13:49.000',96.00000000,75.00038148
'13:50.000',96.00000000,75.00038148
'13:51.000',96.00000000,76.00007630
'13:52.000',96.00000000,76.00007630
'13:53.000',96.00000000,79.00009156
'13:54.000',96.00000000,82.00010681
'13:55.000',96.00000000,82.00010681
'13:56.000',96.00000000,81.00041200
'13:57.000',96.00000000,80.00071719
'13:58.000',96.00000000,78.00039674
'13:59.000',96.00000000,78.00039674
'14:00.000',96.00000000,78.00039674
'14:01.000',96.00000000,78.00039674
'14:02.000',96.00000000,79.00009156
'14:03.000',96.00000000,79.00009156
'14:04.000',96.00000000,79.00009156
'14:05.000',96.00000000,78.00039674
'14:06.000',96.00000000,78.00039674
'14:07.000',96.00000000,77.00070193
'14:08.000',96.00000000,77.00070193
'14:09.000',96.00000000,77.00070193
'14:10.000',96.00000000,77.00070193
'14:11.000',96.00000000,78.00039674
'14:12.000',96.00000000,78.00039674
'14:13.000',96.00000000,78.00039674
'14:14.000',96.99996948,79.00009156
'14:15.000',96.00000000,80.00071719
'14:16.000',96.00000000,80.00071719
'14:17.000',96.00000000,80.00071719
'14:18.000',96.00000000,79.00009156
'14:19.000',96.00000000,79.00009156
'14:20.000',96.00000000,79.00009156
'14:21.000',96.00000000,79.00009156
'14:22.000',96.00000000,79.00009156
'14:23.000',96.00000000,80.00071719
'14:24.000',96.00000000,79.00009156
'14:25.000',96.00000000,80.00071719
'14:26.000',96.00000000,80.00071719
'14:27.000',96.00000000,79.00009156
'14:28.000',96.00000000,79.00009156
'14:29.000',96.00000000,80.00071719
'14:30.000',96.00000000,80.00071719
'14:31.000',96.00000000,81.00041200
'14:32.000',96.00000000,81.00041200
'14:33.000',96.00000000,80.00071719
'14:34.000',96.00000000,80.00071719
'14:35.000',96.00000000,79.00009156
'14:36.000',96.00000000,79.00009156
'14:37.000',96.00000000,80.00071719
'14:38.000',96.00000000,80.00071719
'14:39.000',96.00000000,80.00071719
'14:40.000',96.00000000,80.00071719
'14:41.000',96.00000000,79.00009156
'14:42.000',96.00000000,79.00009156
'14:43.000',96.00000000,78.00039674
'14:44.000',96.00000000,78.00039674
'14:45.000',96.00000000,77.00070193
'14:46.000',96.00000000,77.00070193
'14:47.000',96.00000000,76.00007630
'14:48.000',96.00000000,76.00007630
'14:49.000',96.00000000,75.00038148
'14:50.000',96.00000000,75.00038148
'14:51.000',96.00000000,75.00038148
'14:52.000',96.00000000,75.00038148
'14:53.000',96.00000000,75.00038148
'14:54.000',96.00000000,75.00038148
'14:55.000',96.00000000,75.00038148
'14:56.000',96.00000000,75.00038148
'14:57.000',96.00000000,75.00038148
'14:58.000',96.00000000,75.00038148
'14:59.000',96.00000000,75.00038148
'15:00.000',96.00000000,75.00038148
'15:01.000',96.00000000,74.00068667
'15:02.000',96.00000000,74.00068667
'15:03.000',96.00000000,74.00068667
'15:04.000',96.00000000,74.00068667
'15:05.000',96.00000000,75.00038148
'15:06.000',96.00000000,75.00038148
'15:07.000',96.00000000,76.00007630
'15:08.000',96.00000000,77.00070193
'15:09.000',96.00000000,77.00070193
'15:10.000',96.00000000,77.00070193
'15:11.000',96.00000000,77.00070193
'15:12.000',96.00000000,77.00070193
'15:13.000',96.00000000,77.00070193
'15:14.000',96.00000000,77.00070193
'15:15.000',96.00000000,76.00007630
'15:16.000',96.00000000,76.00007630
'15:17.000',96.00000000,76.00007630
'15:18.000',96.00000000,76.00007630
'15:19.000',96.00000000,76.00007630
'15:20.000',96.00000000,76.00007630
'15:21.000',96.00000000,77.00070193
'15:22.000',96.00000000,77.00070193
'15:23.000',96.00000000,77.00070193
'15:24.000',96.00000000,76.00007630
'15:25.000',96.00000000,76.00007630
'15:26.000',96.00000000,76.00007630
'15:27.000',96.00000000,75.00038148
'15:28.000',96.00000000,75.00038148
'15:29.000',96.00000000,74.00068667
'15:30.000',96.00000000,75.00038148
'15:31.000',96.00000000,74.00068667
'15:32.000',96.00000000,74.00068667
'15:33.000',96.00000000,76.00007630
'15:34.000',96.00000000,76.00007630
'15:35.000',96.00000000,76.00007630
'15:36.000',96.00000000,76.00007630
'15:37.000',96.00000000,75.00038148
'15:38.000',96.00000000,74.00068667
'15:39.000',95.00003052,74.00068667
'15:40.000',95.00003052,78.00039674
'15:41.000',95.00003052,78.00039674
'15:42.000',95.00003052,80.00071719
'15:43.000',95.00003052,79.00009156
'15:44.000',95.00003052,78.00039674
'15:45.000',95.00003052,78.00039674
'15:46.000',95.00003052,77.00070193
'15:47.000',95.00003052,75.00038148
'15:48.000',96.00000000,75.00038148
'15:49.000',96.00000000,75.00038148
'15:50.000',96.00000000,78.00039674
'15:51.000',96.00000000,78.00039674
'15:52.000',96.00000000,79.00009156
'15:53.000',96.00000000,80.00071719
'15:54.000',96.00000000,80.00071719
'15:55.000',96.00000000,80.00071719
'15:56.000',96.00000000,80.00071719
'15:57.000',96.99996948,79.00009156
'15:58.000',96.99996948,78.00039674
'15:59.000',96.99996948,78.00039674
'16:00.000',96.99996948,77.00070193
'16:01.000',96.99996948,75.00038148
'16:02.000',96.99996948,75.00038148
'16:03.000',96.99996948,75.00038148
'16:04.000',96.99996948,75.00038148
'16:05.000',96.99996948,75.00038148
'16:06.000',96.99996948,75.00038148
'16:07.000',96.99996948,75.00038148
'16:08.000',96.99996948,78.00039674
'16:09.000',96.99996948,79.00009156
'16:10.000',96.99996948,81.00041200
'16:11.000',96.99996948,81.00041200
'16:12.000',96.99996948,81.00041200
'16:13.000',96.99996948,81.00041200
'16:14.000',96.99996948,82.00010681
'16:15.000',96.99996948,82.00010681
'16:16.000',96.99996948,84.00042726
'16:17.000',96.99996948,84.00042726
'16:18.000',96.00000000,86.00074770
'16:19.000',96.00000000,86.00074770
'16:20.000',96.00000000,86.00074770
'16:21.000',96.00000000,86.00074770
'16:22.000',96.00000000,86.00074770
'16:23.000',96.00000000,86.00074770
'16:24.000',96.00000000,86.00074770
'16:25.000',96.00000000,86.00074770
'16:26.000',96.00000000,86.00074770
'16:27.000',96.00000000,86.00074770
'16:28.000',96.00000000,86.00074770
'16:29.000',96.00000000,86.00074770
'16:30.000',96.00000000,86.00074770
'16:31.000',96.00000000,86.00074770
'16:32.000',96.99996948,90.00045778
'16:33.000',96.99996948,90.00045778
'16:34.000',96.99996948,90.00045778
'16:35.000',96.99996948,90.00045778
'16:36.000',96.99996948,90.00045778
'16:37.000',96.99996948,90.00045778
'16:38.000',96.99996948,93.00047304
'16:39.000',97.99993896,93.00047304
'16:40.000',97.99993896,100.99989319
'16:41.000',97.99993896,100.99989319
'16:42.000',97.99993896,101.99958800
'16:43.000',97.99993896,100.99989319
'16:44.000',97.99993896,99.99926756
'16:45.000',97.99993896,96.99925230
'16:46.000',97.99993896,96.99925230
'16:47.000',97.99993896,96.00048830
'16:48.000',97.99993896,96.00048830
'16:49.000',97.99993896,95.00079348
'16:50.000',96.99996948,95.00079348
'16:51.000',96.99996948,95.00079348
'16:52.000',96.99996948,96.00048830
'16:53.000',96.99996948,96.99925230
'16:54.000',96.99996948,96.99925230
'16:55.000',96.99996948,96.99925230
'16:56.000',96.99996948,96.00048830
'16:57.000',96.99996948,95.00079348
'16:58.000',96.99996948,95.00079348
'16:59.000',96.99996948,94.00016785
'17:00.000',96.00000000,96.99925230
'17:01.000',96.00000000,97.99987793
'17:02.000',96.00000000,99.99926756
'17:03.000',96.00000000,98.99957274
'17:04.000',96.00000000,98.99957274
'17:05.000',96.00000000,96.00048830
'17:06.000',96.00000000,94.00016785
'17:07.000',96.00000000,93.00047304
'17:08.000',96.00000000,90.00045778
'17:09.000',96.00000000,89.00076296
'17:10.000',95.00003052,86.00074770
'17:11.000',95.00003052,84.00042726
'17:12.000',95.00003052,84.00042726
'17:13.000',95.00003052,82.00010681
'17:14.000',95.00003052,81.00041200
'17:15.000',95.00003052,80.00071719
'17:16.000',95.00003052,80.00071719
'17:17.000',95.00003052,79.00009156
'17:18.000',95.00003052,79.00009156
'17:19.000',95.00003052,79.00009156
'17:20.000',95.00003052,79.00009156
'17:21.000',95.00003052,79.00009156
'17:22.000',95.00003052,80.00071719
'17:23.000',95.00003052,80.00071719
'17:24.000',95.00003052,81.00041200
'17:25.000',95.00003052,81.00041200
'17:26.000',95.00003052,81.00041200
'17:27.000',95.00003052,83.00073244
'17:28.000',95.00003052,83.00073244
'17:29.000',95.00003052,82.00010681
'17:30.000',95.00003052,82.00010681
'17:31.000',95.00003052,81.00041200
'17:32.000',95.00003052,80.00071719
'17:33.000',95.00003052,80.00071719
'17:34.000',95.00003052,80.00071719
'17:35.000',95.00003052,78.00039674
'17:36.000',95.00003052,78.00039674
'17:37.000',95.00003052,77.00070193
'17:38.000',96.00000000,76.00007630
'17:39.000',96.00000000,76.00007630
'17:40.000',95.00003052,76.00007630
'17:41.000',95.00003052,78.00039674
'17:42.000',95.00003052,78.00039674
'17:43.000',95.00003052,79.00009156
'17:44.000',95.00003052,79.00009156
'17:45.000',95.00003052,80.00071719
'17:46.000',95.00003052,79.00009156
'17:47.000',95.00003052,79.00009156
'17:48.000',95.00003052,78.00039674
'17:49.000',95.00003052,78.00039674
'17:50.000',95.00003052,77.00070193
'17:51.000',96.00000000,77.00070193
'17:52.000',96.00000000,77.00070193
'17:53.000',96.00000000,77.00070193
'17:54.000',96.00000000,78.00039674
'17:55.000',96.00000000,78.00039674
'17:56.000',96.00000000,79.00009156
'17:57.000',96.00000000,79.00009156
'17:58.000',96.00000000,79.00009156
'17:59.000',96.00000000,79.00009156
'18:00.000',96.00000000,80.00071719
'18:01.000',96.00000000,79.00009156
'18:02.000',96.00000000,79.00009156
'18:03.000',96.00000000,81.00041200
'18:04.000',96.00000000,83.00073244
'18:05.000',96.00000000,83.00073244
'18:06.000',96.99996948,84.00042726
'18:07.000',96.99996948,83.00073244
'18:08.000',96.99996948,82.00010681
'18:09.000',96.99996948,80.00071719
'18:10.000',96.00000000,79.00009156
'18:11.000',96.99996948,79.00009156
'18:12.000',96.99996948,79.00009156
'18:13.000',96.99996948,80.00071719
'18:14.000',96.99996948,80.00071719
'18:15.000',96.00000000,80.00071719
'18:16.000',96.00000000,80.00071719
'18:17.000',96.00000000,80.00071719
'18:18.000',96.00000000,80.00071719
'18:19.000',96.00000000,80.00071719
'18:20.000',96.00000000,80.00071719
'18:21.000',96.00000000,80.00071719
'18:22.000',96.99996948,80.00071719
'18:23.000',96.99996948,80.00071719
'18:24.000',96.99996948,80.00071719
'18:25.000',96.99996948,80.00071719
'18:26.000',96.99996948,81.00041200
'18:27.000',96.99996948,81.00041200
'18:28.000',96.99996948,81.00041200
'18:29.000',96.99996948,81.00041200
'18:30.000',96.99996948,82.00010681
'18:31.000',96.99996948,82.00010681
'18:32.000',96.99996948,83.00073244
'18:33.000',96.99996948,83.00073244
'18:34.000',96.99996948,83.00073244
'18:35.000',96.99996948,82.00010681
'18:36.000',96.00000000,81.00041200
'18:37.000',96.00000000,81.00041200
'18:38.000',96.00000000,81.00041200
'18:39.000',96.00000000,81.00041200
'18:40.000',96.00000000,81.00041200
'18:41.000',96.00000000,81.00041200
'18:42.000',96.00000000,81.00041200
'18:43.000',96.00000000,82.00010681
'18:44.000',96.00000000,82.00010681
'18:45.000',96.00000000,82.00010681
'18:46.000',96.00000000,83.00073244
'18:47.000',96.00000000,82.00010681
'18:48.000',96.00000000,82.00010681
'18:49.000',96.00000000,82.00010681
'18:50.000',96.00000000,82.00010681
'18:51.000',96.00000000,81.00041200
'18:52.000',96.99996948,81.00041200
'18:53.000',96.99996948,81.00041200
'18:54.000',96.99996948,81.00041200
'18:55.000',96.99996948,80.00071719
'18:56.000',96.99996948,82.00010681
'18:57.000',96.99996948,83.00073244
'18:58.000',96.99996948,84.00042726
'18:59.000',96.99996948,84.00042726
'19:00.000',96.99996948,84.00042726
'19:01.000',96.99996948,84.00042726
'19:02.000',96.00000000,84.00042726
'19:03.000',96.00000000,83.00073244
'19:04.000',96.00000000,84.00042726
'19:05.000',96.00000000,84.00042726
'19:06.000',96.00000000,84.00042726
'19:07.000',96.00000000,85.00012207
'19:08.000',96.00000000,85.00012207
'19:09.000',96.00000000,84.00042726
'19:10.000',96.00000000,84.00042726
'19:11.000',96.00000000,83.00073244
'19:12.000',96.00000000,83.00073244
'19:13.000',96.99996948,83.00073244
'19:14.000',96.99996948,82.00010681
'19:15.000',96.99996948,82.00010681
'19:16.000',96.99996948,82.00010681
'19:17.000',96.99996948,82.00010681
'19:18.000',96.99996948,83.00073244
'19:19.000',96.99996948,82.00010681
'19:20.000',96.99996948,82.00010681
'19:21.000',96.99996948,80.00071719
'19:22.000',96.99996948,78.00039674
'19:23.000',96.00000000,77.00070193
'19:24.000',96.00000000,77.00070193
'19:25.000',96.00000000,76.00007630
'19:26.000',96.00000000,77.00070193
'19:27.000',96.00000000,77.00070193
'19:28.000',96.00000000,78.00039674
'19:29.000',96.00000000,78.00039674
'19:30.000',96.00000000,80.00071719
'19:31.000',96.00000000,81.00041200
'19:32.000',96.00000000,81.00041200
'19:33.000',96.00000000,81.00041200
'19:34.000',96.00000000,81.00041200
'19:35.000',96.00000000,80.00071719
'19:36.000',96.00000000,80.00071719
'19:37.000',96.00000000,80.00071719
'19:38.000',96.00000000,80.00071719
'19:39.000',96.00000000,83.00073244
'19:40.000',96.00000000,83.00073244
'19:41.000',96.00000000,84.00042726
'19:42.000',96.00000000,85.00012207
'19:43.000',96.00000000,85.00012207
'19:44.000',96.00000000,84.00042726
'19:45.000',96.00000000,84.00042726
'19:46.000',96.99996948,83.00073244
'19:47.000',96.99996948,81.00041200
'19:48.000',96.00000000,81.00041200
'19:49.000',96.00000000,80.00071719
'19:50.000',96.00000000,81.00041200
'19:51.000',96.00000000,81.00041200
'19:52.000',96.00000000,83.00073244
'19:53.000',96.00000000,83.00073244
'19:54.000',96.99996948,84.00042726
'19:55.000',96.00000000,83.00073244
'19:56.000',96.00000000,83.00073244
'19:57.000',96.00000000,82.00010681
'19:58.000',96.00000000,81.00041200
'19:59.000',96.00000000,80.00071719
'20:00.000',96.00000000,80.00071719
'20:01.000',96.00000000,80.00071719
'20:02.000',96.00000000,82.00010681
'20:03.000',96.00000000,86.00074770
'20:04.000',96.99996948,87.00044252
'20:05.000',96.99996948,89.00076296
'20:06.000',96.99996948,88.00013733
'20:07.000',96.99996948,85.00012207
'20:08.000',96.99996948,85.00012207
'20:09.000',96.99996948,85.00012207
'20:10.000',96.99996948,85.00012207
'20:11.000',96.99996948,85.00012207
'20:12.000',96.99996948,85.00012207
'20:13.000',96.99996948,85.00012207
'20:14.000',96.99996948,85.00012207
'20:15.000',96.99996948,85.00012207
'20:16.000',96.99996948,85.00012207
'20:17.000',96.99996948,85.00012207
'20:18.000',96.99996948,85.00012207
'20:19.000',96.00000000,84.00042726
'20:20.000',96.00000000,84.00042726
'20:21.000',96.00000000,83.00073244
'20:22.000',96.00000000,83.00073244
'20:23.000',96.99996948,81.00041200
'20:24.000',96.99996948,81.00041200
'20:25.000',96.99996948,80.00071719
'20:26.000',96.99996948,79.00009156
'20:27.000',96.99996948,79.00009156
'20:28.000',96.99996948,79.00009156
'20:29.000',96.99996948,78.00039674
'20:30.000',96.99996948,78.00039674
'20:31.000',96.99996948,78.00039674
'20:32.000',96.99996948,79.00009156
'20:33.000',96.99996948,79.00009156
'20:34.000',96.99996948,81.00041200
'20:35.000',96.99996948,81.00041200
'20:36.000',96.99996948,81.00041200
'20:37.000',96.99996948,82.00010681
'20:38.000',96.99996948,82.00010681
'20:39.000',96.99996948,82.00010681
'20:40.000',96.99996948,82.00010681
'20:41.000',96.00000000,81.00041200
'20:42.000',96.00000000,81.00041200
'20:43.000',96.00000000,82.00010681
'20:44.000',96.00000000,81.00041200
'20:45.000',96.00000000,82.00010681
'20:46.000',96.00000000,82.00010681
'20:47.000',96.00000000,82.00010681
'20:48.000',96.00000000,82.00010681
'20:49.000',96.00000000,82.00010681
'20:50.000',96.00000000,82.00010681
'20:51.000',96.00000000,82.00010681
'20:52.000',96.99996948,82.00010681
'20:53.000',96.99996948,81.00041200
'20:54.000',96.99996948,81.00041200
'20:55.000',96.99996948,81.00041200
'20:56.000',96.00000000,80.00071719
'20:57.000',96.00000000,81.00041200
'20:58.000',96.00000000,81.00041200
'20:59.000',96.00000000,80.00071719
'21:00.000',96.00000000,79.00009156
'21:01.000',96.00000000,79.00009156
'21:02.000',96.00000000,78.00039674
'21:03.000',96.00000000,78.00039674
'21:04.000',96.00000000,78.00039674
'21:05.000',96.00000000,77.00070193
'21:06.000',96.00000000,78.00039674
'21:07.000',96.99996948,84.00042726
'21:08.000',96.99996948,84.00042726
'21:09.000',96.00000000,86.00074770
'21:10.000',96.00000000,86.00074770
'21:11.000',96.00000000,87.00044252
'21:12.000',96.00000000,87.00044252
'21:13.000',96.00000000,87.00044252
'21:14.000',95.00003052,87.00044252
'21:15.000',95.00003052,87.00044252
'21:16.000',95.00003052,87.00044252
'21:17.000',95.00003052,87.00044252
'21:18.000',95.00003052,88.00013733
'21:19.000',95.00003052,88.00013733
'21:20.000',95.00003052,88.00013733
'21:21.000',95.00003052,89.00076296
'21:22.000',95.00003052,89.00076296
'21:23.000',95.00003052,89.00076296
'21:24.000',96.00000000,87.00044252
'21:25.000',95.00003052,86.00074770
'21:26.000',95.00003052,86.00074770
'21:27.000',95.00003052,85.00012207
'21:28.000',95.00003052,86.00074770
'21:29.000',95.00003052,85.00012207
'21:30.000',95.00003052,86.00074770
'21:31.000',95.00003052,86.00074770
'21:32.000',95.00003052,85.00012207
'21:33.000',96.00000000,85.00012207
'21:34.000',96.00000000,85.00012207
'21:35.000',96.00000000,85.00012207
'21:36.000',96.00000000,85.00012207
'21:37.000',96.00000000,86.00074770
'21:38.000',96.00000000,86.00074770
'21:39.000',96.00000000,86.00074770
'21:40.000',96.00000000,86.00074770
'21:41.000',96.00000000,86.00074770
'21:42.000',96.00000000,86.00074770
'21:43.000',96.00000000,87.00044252
'21:44.000',96.00000000,89.00076296
'21:45.000',96.00000000,89.00076296
'21:46.000',96.00000000,90.00045778
'21:47.000',96.00000000,88.00013733
'21:48.000',96.00000000,87.00044252
'21:49.000',96.00000000,87.00044252
'21:50.000',96.00000000,86.00074770
'21:51.000',96.00000000,85.00012207
'21:52.000',96.00000000,84.00042726
'21:53.000',96.00000000,84.00042726
'21:54.000',96.00000000,84.00042726
'21:55.000',96.00000000,84.00042726
'21:56.000',96.00000000,85.00012207
'21:57.000',96.00000000,86.00074770
'21:58.000',96.00000000,85.00012207
'21:59.000',96.00000000,84.00042726
'22:00.000',96.00000000,82.00010681
'22:01.000',96.00000000,81.00041200
'22:02.000',96.00000000,80.00071719
'22:03.000',96.00000000,79.00009156
'22:04.000',96.00000000,79.00009156
'22:05.000',96.00000000,80.00071719
'22:06.000',96.00000000,82.00010681
'22:07.000',96.00000000,85.00012207
'22:08.000',96.00000000,86.00074770
'22:09.000',96.00000000,84.00042726
'22:10.000',96.00000000,83.00073244
'22:11.000',96.00000000,82.00010681
'22:12.000',96.00000000,81.00041200
'22:13.000',96.00000000,81.00041200
'22:14.000',96.00000000,81.00041200
'22:15.000',96.00000000,83.00073244
'22:16.000',96.00000000,85.00012207
'22:17.000',96.00000000,85.00012207
'22:18.000',96.00000000,85.00012207
'22:19.000',96.00000000,85.00012207
'22:20.000',96.00000000,86.00074770
'22:21.000',96.00000000,86.00074770
'22:22.000',96.00000000,86.00074770
'22:23.000',96.00000000,86.00074770
'22:24.000',96.00000000,86.00074770
'22:25.000',96.00000000,86.00074770
'22:26.000',96.00000000,86.00074770
'22:27.000',96.00000000,86.00074770
'22:28.000',96.00000000,86.00074770
'22:29.000',96.00000000,86.00074770
'22:30.000',96.00000000,86.00074770
'22:31.000',96.00000000,86.00074770
'22:32.000',96.99996948,87.00044252
'22:33.000',96.99996948,88.00013733
'22:34.000',96.99996948,88.00013733
'22:35.000',96.99996948,87.00044252
'22:36.000',96.99996948,87.00044252
'22:37.000',96.99996948,87.00044252
'22:38.000',96.99996948,87.00044252
'22:39.000',96.99996948,87.00044252
'22:40.000',96.99996948,87.00044252
'22:41.000',96.99996948,86.00074770
'22:42.000',96.99996948,87.00044252
'22:43.000',96.99996948,87.00044252
'22:44.000',96.99996948,91.00015259
'22:45.000',96.99996948,93.00047304
'22:46.000',96.99996948,93.00047304
'22:47.000',96.99996948,93.00047304
'22:48.000',96.99996948,93.00047304
'22:49.000',96.99996948,93.00047304
'22:50.000',96.99996948,93.00047304
'22:51.000',96.99996948,93.00047304
'22:52.000',96.99996948,93.00047304
'22:53.000',96.99996948,93.00047304
'22:54.000',96.99996948,93.00047304
'22:55.000',96.99996948,93.00047304
'22:56.000',96.99996948,93.00047304
'22:57.000',96.99996948,93.00047304
'22:58.000',96.99996948,93.00047304
'22:59.000',96.00000000,93.00047304
'23:00.000',96.00000000,93.00047304
'23:01.000',96.00000000,93.00047304
'23:02.000',96.00000000,93.00047304
'23:03.000',96.00000000,93.00047304
'23:04.000',96.00000000,93.00047304
'23:05.000',96.00000000,93.00047304
'23:06.000',96.00000000,93.00047304
'23:07.000',96.00000000,93.00047304
'23:08.000',96.00000000,93.00047304
'23:09.000',96.00000000,93.00047304
'23:10.000',96.99996948,96.00048830
'23:11.000',96.99996948,96.00048830
'23:12.000',96.99996948,100.99989319
'23:13.000',96.99996948,99.99926756
'23:14.000',96.99996948,98.99957274
'23:15.000',96.99996948,96.99925230
'23:16.000',96.99996948,93.00047304
'23:17.000',96.99996948,92.00077822
'23:18.000',97.99993896,90.00045778
'23:19.000',96.99996948,89.00076296
'23:20.000',96.99996948,87.00044252
'23:21.000',96.99996948,85.00012207
'23:22.000',96.99996948,84.00042726
'23:23.000',96.00000000,83.00073244
'23:24.000',96.00000000,83.00073244
'23:25.000',96.00000000,83.00073244
'23:26.000',95.00003052,83.00073244
'23:27.000',95.00003052,83.00073244
'23:28.000',95.00003052,83.00073244
'23:29.000',94.00006104,84.00042726
'23:30.000',94.00006104,84.00042726
'23:31.000',94.00006104,84.00042726
'23:32.000',94.00006104,84.00042726
'23:33.000',94.00006104,84.00042726
'23:34.000',94.00006104,84.00042726
'23:35.000',94.00006104,84.00042726
'23:36.000',94.00006104,84.00042726
'23:37.000',95.00003052,85.00012207
'23:38.000',95.00003052,86.00074770
'23:39.000',95.00003052,86.00074770
'23:40.000',95.00003052,86.00074770
'23:41.000',95.00003052,87.00044252
'23:42.000',95.00003052,89.00076296
'23:43.000',95.00003052,89.00076296
'23:44.000',95.00003052,88.00013733
'23:45.000',96.00000000,87.00044252
'23:46.000',96.00000000,86.00074770
'23:47.000',96.00000000,84.00042726
'23:48.000',96.00000000,81.00041200
'23:49.000',95.00003052,80.00071719
'23:50.000',95.00003052,80.00071719
'23:51.000',94.00006104,79.00009156
'23:52.000',94.00006104,79.00009156
'23:53.000',94.00006104,78.00039674
'23:54.000',93.00000000,77.00070193
'23:55.000',93.00000000,77.00070193
'23:56.000',93.00000000,77.00070193
'23:57.000',93.00000000,77.00070193
'23:58.000',93.00000000,78.00039674
'23:59.000',94.00006104,78.00039674
'24:00.000',95.00003052,79.00009156
'24:01.000',95.00003052,80.00071719
'24:02.000',96.00000000,80.00071719
'24:03.000',96.00000000,81.00041200
'24:04.000',96.00000000,81.00041200
'24:05.000',96.00000000,81.00041200
'24:06.000',96.00000000,81.00041200
'24:07.000',96.00000000,81.00041200
'24:08.000',96.99996948,81.00041200
'24:09.000',96.00000000,82.00010681
'24:10.000',96.00000000,81.00041200
'24:11.000',96.00000000,81.00041200
'24:12.000',96.00000000,80.00071719
'24:13.000',96.00000000,78.00039674
'24:14.000',95.00003052,77.00070193
'24:15.000',95.00003052,77.00070193
'24:16.000',95.00003052,76.00007630
'24:17.000',95.00003052,75.00038148
'24:18.000',95.00003052,73.00006104
'24:19.000',95.00003052,73.00006104
'24:20.000',95.00003052,73.00006104
'24:21.000',96.00000000,73.00006104
'24:22.000',96.00000000,73.00006104
'24:23.000',96.00000000,73.00006104
'24:24.000',96.00000000,74.00068667
'24:25.000',96.00000000,75.00038148
'24:26.000',96.00000000,75.00038148
'24:27.000',96.00000000,76.00007630
'24:28.000',96.00000000,76.00007630
'24:29.000',95.00003052,76.00007630
'24:30.000',95.00003052,76.00007630
'24:31.000',95.00003052,75.00038148
'24:32.000',95.00003052,75.00038148
'24:33.000',96.00000000,75.00038148
'24:34.000',96.00000000,75.00038148
'24:35.000',96.00000000,75.00038148
'24:36.000',96.00000000,76.00007630
'24:37.000',96.00000000,76.00007630
'24:38.000',96.00000000,76.00007630
'24:39.000',96.00000000,76.00007630
'24:40.000',96.00000000,76.00007630
'24:41.000',95.00003052,76.00007630
'24:42.000',95.00003052,75.00038148
'24:43.000',95.00003052,75.00038148
'24:44.000',95.00003052,75.00038148
'24:45.000',95.00003052,75.00038148
'24:46.000',95.00003052,75.00038148
'24:47.000',95.00003052,75.00038148
'24:48.000',95.00003052,76.00007630
'24:49.000',95.00003052,76.00007630
'24:50.000',95.00003052,77.00070193
'24:51.000',95.00003052,77.00070193
'24:52.000',95.00003052,77.00070193
'24:53.000',95.00003052,77.00070193
'24:54.000',95.00003052,77.00070193
'24:55.000',95.00003052,77.00070193
'24:56.000',95.00003052,77.00070193
'24:57.000',95.00003052,77.00070193
'24:58.000',95.00003052,77.00070193
'24:59.000',95.00003052,76.00007630
'25:00.000',95.00003052,76.00007630
'25:01.000',95.00003052,76.00007630
'25:02.000',96.00000000,76.00007630
'25:03.000',96.00000000,76.00007630
'25:04.000',95.00003052,76.00007630
'25:05.000',95.00003052,76.00007630
'25:06.000',95.00003052,76.00007630
'25:07.000',95.00003052,76.00007630
'25:08.000',95.00003052,78.00039674
'25:09.000',95.00003052,78.00039674
'25:10.000',95.00003052,79.00009156
'25:11.000',95.00003052,81.00041200
'25:12.000',95.00003052,82.00010681
'25:13.000',95.00003052,83.00073244
'25:14.000',95.00003052,83.00073244
'25:15.000',95.00003052,82.00010681
'25:16.000',95.00003052,81.00041200
'25:17.000',95.00003052,81.00041200
'25:18.000',95.00003052,80.00071719
'25:19.000',95.00003052,80.00071719
'25:20.000',95.00003052,80.00071719
'25:21.000',95.00003052,81.00041200
'25:22.000',95.00003052,81.00041200
'25:23.000',95.00003052,80.00071719
'25:24.000',95.00003052,79.00009156
'25:25.000',95.00003052,79.00009156
'25:26.000',95.00003052,78.00039674
'25:27.000',95.00003052,77.00070193
'25:28.000',95.00003052,76.00007630
'25:29.000',95.00003052,76.00007630
'25:30.000',95.00003052,78.00039674
'25:31.000',95.00003052,78.00039674
'25:32.000',95.00003052,79.00009156
'25:33.000',95.00003052,80.00071719
'25:34.000',95.00003052,78.00039674
'25:35.000',95.00003052,77.00070193
'25:36.000',95.00003052,77.00070193
'25:37.000',95.00003052,76.00007630
'25:38.000',95.00003052,76.00007630
'25:39.000',95.00003052,76.00007630
'25:40.000',95.00003052,76.00007630
'25:41.000',95.00003052,76.00007630
'25:42.000',95.00003052,77.00070193
'25:43.000',95.00003052,77.00070193
'25:44.000',95.00003052,76.00007630
'25:45.000',94.00006104,77.00070193
'25:46.000',94.00006104,75.00038148
'25:47.000',94.00006104,75.00038148
'25:48.000',94.00006104,75.00038148
'25:49.000',94.00006104,75.00038148
'25:50.000',94.00006104,75.00038148
'25:51.000',95.00003052,76.00007630
'25:52.000',95.00003052,75.00038148
'25:53.000',95.00003052,75.00038148
'25:54.000',95.00003052,74.00068667
'25:55.000',95.00003052,73.00006104
'25:56.000',95.00003052,73.00006104
'25:57.000',95.00003052,72.00036622
'25:58.000',96.00000000,74.00068667
'25:59.000',96.00000000,74.00068667
'26:00.000',96.00000000,75.00038148
'26:01.000',96.00000000,75.00038148
'26:02.000',96.99996948,75.00038148
'26:03.000',96.99996948,76.00007630
'26:04.000',96.99996948,77.00070193
'26:05.000',96.00000000,77.00070193
'26:06.000',96.00000000,77.00070193
'26:07.000',96.00000000,76.00007630
'26:08.000',96.00000000,76.00007630
'26:09.000',96.00000000,76.00007630
'26:10.000',96.00000000,75.00038148
'26:11.000',96.00000000,76.00007630
'26:12.000',96.00000000,76.00007630
'26:13.000',96.00000000,76.00007630
'26:14.000',96.00000000,76.00007630
'26:15.000',96.00000000,76.00007630
'26:16.000',96.00000000,76.00007630
'26:17.000',96.00000000,76.00007630
'26:18.000',96.00000000,76.00007630
'26:19.000',96.00000000,76.00007630
'26:20.000',96.00000000,76.00007630
'26:21.000',96.00000000,76.00007630
'26:22.000',96.00000000,76.00007630
'26:23.000',96.00000000,76.00007630
'26:24.000',96.00000000,76.00007630
'26:25.000',96.00000000,77.00070193
'26:26.000',96.00000000,77.00070193
'26:27.000',96.00000000,77.00070193
'26:28.000',96.00000000,77.00070193
'26:29.000',96.00000000,78.00039674
'26:30.000',96.00000000,78.00039674
'26:31.000',96.00000000,78.00039674
'26:32.000',96.00000000,79.00009156
'26:33.000',96.00000000,79.00009156
'26:34.000',95.00003052,79.00009156
'26:35.000',95.00003052,79.00009156
'26:36.000',95.00003052,79.00009156
'26:37.000',95.00003052,78.00039674
'26:38.000',95.00003052,77.00070193
'26:39.000',95.00003052,76.00007630
'26:40.000',95.00003052,76.00007630
'26:41.000',95.00003052,76.00007630
'26:42.000',95.00003052,76.00007630
'26:43.000',95.00003052,76.00007630
'26:44.000',95.00003052,77.00070193
'26:45.000',95.00003052,77.00070193
'26:46.000',95.00003052,77.00070193
'26:47.000',95.00003052,78.00039674
'26:48.000',95.00003052,78.00039674
'26:49.000',95.00003052,78.00039674
'26:50.000',95.00003052,78.00039674
'26:51.000',95.00003052,78.00039674
'26:52.000',95.00003052,78.00039674
'26:53.000',95.00003052,78.00039674
'26:54.000',95.00003052,79.00009156
'26:55.000',95.00003052,78.00039674
'26:56.000',95.00003052,79.00009156
'26:57.000',95.00003052,79.00009156
'26:58.000',95.00003052,79.00009156
'26:59.000',94.00006104,79.00009156
'27:00.000',94.00006104,80.00071719
'27:01.000',94.00006104,80.00071719
'27:02.000',94.00006104,80.00071719
'27:03.000',94.00006104,80.00071719
'27:04.000',94.00006104,80.00071719
'27:05.000',94.00006104,79.00009156
'27:06.000',94.00006104,79.00009156
'27:07.000',94.00006104,78.00039674
'27:08.000',94.00006104,78.00039674
'27:09.000',94.00006104,78.00039674
'27:10.000',94.00006104,78.00039674
'27:11.000',94.00006104,78.00039674
'27:12.000',94.00006104,78.00039674
'27:13.000',94.00006104,78.00039674
'27:14.000',94.00006104,78.00039674
'27:15.000',95.00003052,77.00070193
'27:16.000',95.00003052,77.00070193
'27:17.000',95.00003052,78.00039674
'27:18.000',96.00000000,75.00038148
'27:19.000',96.00000000,75.00038148
'27:20.000',96.00000000,75.00038148
'27:21.000',96.00000000,75.00038148
'27:22.000',95.00003052,76.00007630
'27:23.000',95.00003052,76.00007630
'27:24.000',95.00003052,76.00007630
'27:25.000',95.00003052,76.00007630
'27:26.000',95.00003052,77.00070193
'27:27.000',95.00003052,77.00070193
'27:28.000',95.00003052,78.00039674
'27:29.000',95.00003052,78.00039674
'27:30.000',95.00003052,78.00039674
'27:31.000',95.00003052,78.00039674
'27:32.000',95.00003052,78.00039674
'27:33.000',95.00003052,78.00039674
'27:34.000',95.00003052,77.00070193
'27:35.000',95.00003052,77.00070193
'27:36.000',95.00003052,76.00007630
'27:37.000',95.00003052,76.00007630
'27:38.000',95.00003052,76.00007630
'27:39.000',95.00003052,76.00007630
'27:40.000',95.00003052,76.00007630
'27:41.000',95.00003052,76.00007630
'27:42.000',95.00003052,76.00007630
'27:43.000',95.00003052,77.00070193
'27:44.000',95.00003052,77.00070193
'27:45.000',95.00003052,78.00039674
'27:46.000',95.00003052,78.00039674
'27:47.000',95.00003052,78.00039674
'27:48.000',95.00003052,79.00009156
'27:49.000',95.00003052,79.00009156
'27:50.000',95.00003052,80.00071719
'27:51.000',95.00003052,80.00071719
'27:52.000',95.00003052,79.00009156
'27:53.000',95.00003052,79.00009156
'27:54.000',96.00000000,79.00009156
'27:55.000',95.00003052,79.00009156
'27:56.000',95.00003052,79.00009156
'27:57.000',95.00003052,80.00071719
'27:58.000',95.00003052,82.00010681
'27:59.000',95.00003052,85.00012207
'28:00.000',95.00003052,85.00012207
'28:01.000',95.00003052,87.00044252
'28:02.000',96.00000000,87.00044252
'28:03.000',96.00000000,88.00013733
'28:04.000',96.00000000,88.00013733
'28:05.000',96.00000000,88.00013733
'28:06.000',96.00000000,89.00076296
'28:07.000',96.00000000,89.00076296
'28:08.000',96.00000000,90.00045778
'28:09.000',96.00000000,90.00045778
'28:10.000',96.00000000,90.00045778
'28:11.000',96.00000000,90.00045778
'28:12.000',96.99996948,92.00077822
'28:13.000',96.99996948,92.00077822
'28:14.000',96.99996948,92.00077822
'28:15.000',96.99996948,92.00077822
'28:16.000',96.99996948,92.00077822
'28:17.000',96.99996948,92.00077822
'28:18.000',96.99996948,92.00077822
'28:19.000',96.99996948,92.00077822
'28:20.000',96.99996948,92.00077822
'28:21.000',96.99996948,95.00079348
'28:22.000',96.00000000,96.99925230
'28:23.000',96.00000000,98.99957274
'28:24.000',96.00000000,99.99926756
'28:25.000',96.99996948,100.99989319
'28:26.000',97.99993896,100.99989319
'28:27.000',97.99993896,100.99989319
'28:28.000',97.99993896,100.99989319
'28:29.000',97.99993896,99.99926756
'28:30.000',99.00000000,99.99926756
'28:31.000',99.00000000,99.99926756
'28:32.000',97.99993896,98.99957274
'28:33.000',97.99993896,97.99987793
'28:34.000',97.99993896,96.99925230
'28:35.000',97.99993896,96.99925230
'28:36.000',97.99993896,96.99925230
'28:37.000',96.99996948,96.99925230
'28:38.000',96.99996948,96.99925230
'28:39.000',96.00000000,96.00048830
'28:40.000',96.00000000,96.00048830
'28:41.000',96.00000000,96.99925230
'28:42.000',95.00003052,96.99925230
'28:43.000',95.00003052,97.99987793
'28:44.000',95.00003052,97.99987793
'28:45.000',95.00003052,97.99987793
'28:46.000',95.00003052,97.99987793
'28:47.000',95.00003052,97.99987793
'28:48.000',95.00003052,96.99925230
'28:49.000',95.00003052,95.00079348
'28:50.000',95.00003052,92.00077822
'28:51.000',95.00003052,92.00077822
'28:52.000',95.00003052,91.00015259
'28:53.000',94.00006104,91.00015259
'28:54.000',94.00006104,91.00015259
'28:55.000',94.00006104,91.00015259
'28:56.000',94.00006104,89.00076296
'28:57.000',95.00003052,89.00076296
'28:58.000',95.00003052,87.00044252
'28:59.000',95.00003052,87.00044252
'29:00.000',95.00003052,87.00044252
'29:01.000',95.00003052,89.00076296
'29:02.000',95.00003052,90.00045778
'29:03.000',96.00000000,90.00045778
'29:04.000',96.00000000,90.00045778
'29:05.000',96.00000000,86.00074770
'29:06.000',96.00000000,84.00042726
'29:07.000',96.00000000,83.00073244
'29:08.000',96.99996948,81.00041200
'29:09.000',96.99996948,80.00071719
'29:10.000',96.99996948,80.00071719
'29:11.000',96.99996948,78.00039674
'29:12.000',96.99996948,77.00070193
'29:13.000',96.99996948,74.00068667
'29:14.000',96.99996948,73.00006104
'29:15.000',96.99996948,72.00036622
'29:16.000',96.99996948,72.00036622
'29:17.000',96.99996948,72.00036622
'29:18.000',96.00000000,72.00036622
'29:19.000',96.00000000,73.00006104
'29:20.000',96.00000000,75.00038148
'29:21.000',96.00000000,76.00007630
'29:22.000',96.00000000,76.00007630
'29:23.000',95.00003052,75.00038148
'29:24.000',95.00003052,75.00038148
'29:25.000',95.00003052,75.00038148
'29:26.000',95.00003052,74.00068667
'29:27.000',96.00000000,74.00068667
'29:28.000',96.00000000,73.00006104
'29:29.000',96.00000000,73.00006104
'29:30.000',96.00000000,72.00036622
'29:31.000',96.00000000,72.00036622
'29:32.000',96.00000000,72.00036622
'29:33.000',96.00000000,72.00036622
'29:34.000',96.00000000,72.00036622
'29:35.000',96.00000000,73.00006104
'29:36.000',96.00000000,73.00006104
'29:37.000',96.00000000,73.00006104
'29:38.000',96.00000000,74.00068667
'29:39.000',95.00003052,74.00068667
'29:40.000',95.00003052,75.00038148
'29:41.000',95.00003052,75.00038148
'29:42.000',95.00003052,76.00007630
'29:43.000',95.00003052,76.00007630
'29:44.000',95.00003052,76.00007630
'29:45.000',95.00003052,76.00007630
'29:46.000',95.00003052,77.00070193
'29:47.000',95.00003052,77.00070193
'29:48.000',95.00003052,76.00007630
'29:49.000',95.00003052,76.00007630
'29:50.000',95.00003052,75.00038148
'29:51.000',96.00000000,75.00038148
'29:52.000',96.00000000,75.00038148
'29:53.000',96.00000000,75.00038148
'29:54.000',96.00000000,75.00038148
'29:55.000',96.00000000,75.00038148
'29:56.000',96.00000000,75.00038148
'29:57.000',96.00000000,75.00038148
'29:58.000',96.00000000,75.00038148
'29:59.000',95.00003052,75.00038148
'30:00.000',95.00003052,75.00038148
'30:01.000',95.00003052,75.00038148
'30:02.000',95.00003052,76.00007630
'30:03.000',95.00003052,76.00007630
'30:04.000',95.00003052,76.00007630
'30:05.000',95.00003052,75.00038148
'30:06.000',96.00000000,75.00038148
'30:07.000',96.00000000,74.00068667
'30:08.000',96.00000000,74.00068667
'30:09.000',95.00003052,75.00038148
'30:10.000',95.00003052,75.00038148
'30:11.000',95.00003052,75.00038148
'30:12.000',95.00003052,74.00068667
'30:13.000',95.00003052,74.00068667
'30:14.000',95.00003052,74.00068667
'30:15.000',95.00003052,73.00006104
'30:16.000',95.00003052,73.00006104
'30:17.000',95.00003052,74.00068667
'30:18.000',95.00003052,75.00038148
'30:19.000',95.00003052,75.00038148
'30:20.000',95.00003052,76.00007630
'30:21.000',95.00003052,76.00007630
'30:22.000',95.00003052,75.00038148
'30:23.000',95.00003052,74.00068667
'30:24.000',95.00003052,74.00068667
'30:25.000',95.00003052,74.00068667
'30:26.000',95.00003052,74.00068667
'30:27.000',95.00003052,74.00068667
'30:28.000',95.00003052,74.00068667
'30:29.000',95.00003052,74.00068667
'30:30.000',95.00003052,73.00006104
'30:31.000',95.00003052,73.00006104
'30:32.000',95.00003052,72.00036622
'30:33.000',95.00003052,72.00036622
'30:34.000',95.00003052,72.00036622
'30:35.000',95.00003052,73.00006104
'30:36.000',95.00003052,73.00006104
'30:37.000',95.00003052,74.00068667
'30:38.000',95.00003052,74.00068667
'30:39.000',95.00003052,75.00038148
'30:40.000',95.00003052,75.00038148
'30:41.000',94.00006104,75.00038148
'30:42.000',94.00006104,75.00038148
'30:43.000',94.00006104,75.00038148
'30:44.000',94.00006104,74.00068667
'30:45.000',94.00006104,74.00068667
'30:46.000',95.00003052,74.00068667
'30:47.000',95.00003052,74.00068667
'30:48.000',95.00003052,75.00038148
'30:49.000',95.00003052,75.00038148
'30:50.000',95.00003052,75.00038148
'30:51.000',96.00000000,76.00007630
'30:52.000',96.00000000,76.00007630
'30:53.000',96.00000000,76.00007630
'30:54.000',96.00000000,76.00007630
'30:55.000',96.00000000,76.00007630
'30:56.000',96.00000000,75.00038148
'30:57.000',96.00000000,75.00038148
'30:58.000',96.00000000,75.00038148
'30:59.000',96.00000000,75.00038148
'31:00.000',96.00000000,75.00038148
'31:01.000',96.00000000,75.00038148
'31:02.000',96.00000000,78.00039674
'31:03.000',96.00000000,78.00039674
'31:04.000',96.00000000,79.00009156
'31:05.000',96.00000000,79.00009156
'31:06.000',96.00000000,78.00039674
'31:07.000',96.00000000,78.00039674
'31:08.000',96.00000000,77.00070193
'31:09.000',96.00000000,77.00070193
'31:10.000',96.00000000,77.00070193
'31:11.000',96.00000000,77.00070193
'31:12.000',96.00000000,77.00070193
'31:13.000',96.00000000,76.00007630
'31:14.000',96.00000000,75.00038148
'31:15.000',96.00000000,75.00038148
'31:16.000',96.00000000,75.00038148
'31:17.000',95.00003052,75.00038148
'31:18.000',95.00003052,75.00038148
'31:19.000',95.00003052,75.00038148
'31:20.000',95.00003052,75.00038148
'31:21.000',95.00003052,74.00068667
'31:22.000',95.00003052,73.00006104
'31:23.000',95.00003052,73.00006104
'31:24.000',95.00003052,73.00006104
'31:25.000',95.00003052,73.00006104
'31:26.000',95.00003052,73.00006104
'31:27.000',95.00003052,73.00006104
'31:28.000',95.00003052,74.00068667
'31:29.000',95.00003052,74.00068667
'31:30.000',95.00003052,74.00068667
'31:31.000',95.00003052,74.00068667
'31:32.000',95.00003052,74.00068667
'31:33.000',95.00003052,75.00038148
'31:34.000',95.00003052,75.00038148
'31:35.000',95.00003052,75.00038148
'31:36.000',95.00003052,75.00038148
'31:37.000',95.00003052,75.00038148
'31:38.000',95.00003052,75.00038148
'31:39.000',95.00003052,76.00007630
'31:40.000',95.00003052,76.00007630
'31:41.000',95.00003052,77.00070193
'31:42.000',95.00003052,77.00070193
'31:43.000',95.00003052,78.00039674
'31:44.000',95.00003052,78.00039674
'31:45.000',95.00003052,78.00039674
'31:46.000',95.00003052,78.00039674
'31:47.000',95.00003052,78.00039674
'31:48.000',96.00000000,77.00070193
'31:49.000',96.00000000,78.00039674
'31:50.000',96.00000000,78.00039674
'31:51.000',96.00000000,78.00039674
'31:52.000',96.00000000,77.00070193
'31:53.000',96.00000000,76.00007630
'31:54.000',96.00000000,75.00038148
'31:55.000',96.00000000,75.00038148
'31:56.000',96.00000000,75.00038148
'31:57.000',96.00000000,75.00038148
'31:58.000',96.00000000,75.00038148
'31:59.000',96.00000000,75.00038148
'32:00.000',96.00000000,75.00038148
'32:01.000',96.00000000,74.00068667
'32:02.000',96.00000000,74.00068667
'32:03.000',96.00000000,74.00068667
'32:04.000',96.00000000,75.00038148
'32:05.000',96.00000000,75.00038148
'32:06.000',96.00000000,76.00007630
'32:07.000',96.00000000,76.00007630
'32:08.000',96.00000000,77.00070193
'32:09.000',96.00000000,77.00070193
'32:10.000',96.00000000,77.00070193
'32:11.000',96.00000000,77.00070193
'32:12.000',96.00000000,77.00070193
'32:13.000',96.00000000,77.00070193
'32:14.000',95.00003052,77.00070193
'32:15.000',95.00003052,76.00007630
'32:16.000',95.00003052,76.00007630
'32:17.000',95.00003052,76.00007630
'32:18.000',96.00000000,76.00007630
'32:19.000',96.00000000,76.00007630
'32:20.000',96.00000000,76.00007630
'32:21.000',96.00000000,76.00007630
'32:22.000',96.00000000,76.00007630
'32:23.000',96.00000000,75.00038148
'32:24.000',96.00000000,75.00038148
'32:25.000',96.00000000,76.00007630
'32:26.000',96.00000000,76.00007630
'32:27.000',96.00000000,76.00007630
'32:28.000',96.00000000,76.00007630
'32:29.000',96.00000000,76.00007630
'32:30.000',96.00000000,75.00038148
'32:31.000',96.00000000,74.00068667
'32:32.000',96.00000000,74.00068667
'32:33.000',96.00000000,74.00068667
'32:34.000',96.00000000,74.00068667
'32:35.000',96.00000000,74.00068667
'32:36.000',96.00000000,75.00038148
'32:37.000',96.00000000,75.00038148
'32:38.000',96.00000000,75.00038148
'32:39.000',96.00000000,75.00038148
'32:40.000',96.00000000,76.00007630
'32:41.000',96.00000000,76.00007630
'32:42.000',96.00000000,76.00007630
'32:43.000',96.00000000,76.00007630
'32:44.000',96.00000000,76.00007630
'32:45.000',95.00003052,76.00007630
'32:46.000',95.00003052,76.00007630
'32:47.000',95.00003052,76.00007630
'32:48.000',95.00003052,76.00007630
'32:49.000',95.00003052,76.00007630
'32:50.000',95.00003052,76.00007630
'32:51.000',95.00003052,77.00070193
'32:52.000',95.00003052,77.00070193
'32:53.000',95.00003052,76.00007630
'32:54.000',95.00003052,75.00038148
'32:55.000',95.00003052,74.00068667
'32:56.000',95.00003052,74.00068667
'32:57.000',95.00003052,73.00006104
'32:58.000',95.00003052,73.00006104
'32:59.000',95.00003052,74.00068667
'33:00.000',95.00003052,74.00068667
'33:01.000',95.00003052,74.00068667
'33:02.000',95.00003052,75.00038148
'33:03.000',95.00003052,75.00038148
'33:04.000',94.00006104,75.00038148
'33:05.000',94.00006104,75.00038148
'33:06.000',94.00006104,75.00038148
'33:07.000',95.00003052,75.00038148
'33:08.000',95.00003052,75.00038148
'33:09.000',95.00003052,74.00068667
'33:10.000',95.00003052,75.00038148
'33:11.000',95.00003052,74.00068667
'33:12.000',95.00003052,75.00038148
'33:13.000',95.00003052,78.00039674
'33:14.000',95.00003052,78.00039674
'33:15.000',95.00003052,82.00010681
'33:16.000',95.00003052,82.00010681
'33:17.000',95.00003052,82.00010681
'33:18.000',94.00006104,81.00041200
'33:19.000',95.00003052,76.00007630
'33:20.000',95.00003052,77.00070193
'33:21.000',95.00003052,78.00039674
'33:22.000',95.00003052,78.00039674
'33:23.000',95.00003052,78.00039674
'33:24.000',95.00003052,78.00039674
'33:25.000',95.00003052,77.00070193
'33:26.000',95.00003052,77.00070193
'33:27.000',95.00003052,78.00039674
'33:28.000',95.00003052,77.00070193
'33:29.000',95.00003052,77.00070193
'33:30.000',95.00003052,77.00070193
'33:31.000',95.00003052,77.00070193
'33:32.000',95.00003052,78.00039674
'33:33.000',95.00003052,78.00039674
'33:34.000',96.00000000,78.00039674
'33:35.000',96.00000000,78.00039674
'33:36.000',96.00000000,79.00009156
'33:37.000',96.00000000,79.00009156
'33:38.000',95.00003052,79.00009156
'33:39.000',95.00003052,79.00009156
'33:40.000',95.00003052,78.00039674
'33:41.000',95.00003052,78.00039674
'33:42.000',95.00003052,78.00039674
'33:43.000',95.00003052,78.00039674
'33:44.000',95.00003052,78.00039674
'33:45.000',95.00003052,78.00039674
'33:46.000',95.00003052,78.00039674
'33:47.000',95.00003052,78.00039674
'33:48.000',95.00003052,78.00039674
'33:49.000',95.00003052,78.00039674
'33:50.000',95.00003052,78.00039674
'33:51.000',95.00003052,78.00039674
'33:52.000',95.00003052,80.00071719
'33:53.000',96.00000000,80.00071719
'33:54.000',96.00000000,80.00071719
'33:55.000',96.00000000,83.00073244
'33:56.000',96.00000000,85.00012207
'33:57.000',96.99996948,85.00012207
'33:58.000',96.99996948,87.00044252
'33:59.000',96.99996948,89.00076296
'34:00.000',96.99996948,89.00076296
'34:01.000',96.99996948,90.00045778
'34:02.000',96.99996948,90.00045778
'34:03.000',96.00000000,91.00015259
'34:04.000',96.00000000,92.00077822
'34:05.000',96.00000000,93.00047304
'34:06.000',95.00003052,97.99987793
'34:07.000',95.00003052,100.99989319
'34:08.000',95.00003052,100.99989319
'34:09.000',95.00003052,98.99957274
'34:10.000',95.00003052,96.99925230
'34:11.000',95.00003052,95.00079348
'34:12.000',94.00006104,93.00047304
'34:13.000',94.00006104,91.00015259
'34:14.000',94.00006104,90.00045778
'34:15.000',95.00003052,89.00076296
'34:16.000',95.00003052,85.00012207
'34:17.000',95.00003052,83.00073244
'34:18.000',95.00003052,82.00010681
'34:19.000',95.00003052,80.00071719
'34:20.000',95.00003052,79.00009156
'34:21.000',95.00003052,78.00039674
'34:22.000',95.00003052,78.00039674
'34:23.000',95.00003052,78.00039674
'34:24.000',95.00003052,79.00009156
'34:25.000',95.00003052,80.00071719
'34:26.000',95.00003052,80.00071719
'34:27.000',96.00000000,81.00041200
'34:28.000',96.00000000,80.00071719
'34:29.000',96.00000000,80.00071719
'34:30.000',96.00000000,79.00009156
'34:31.000',96.00000000,79.00009156
'34:32.000',96.00000000,79.00009156
'34:33.000',96.00000000,79.00009156
'34:34.000',96.00000000,79.00009156
'34:35.000',96.00000000,79.00009156
'34:36.000',96.00000000,80.00071719
'34:37.000',95.00003052,80.00071719
'34:38.000',96.00000000,81.00041200
'34:39.000',95.00003052,85.00012207
'34:40.000',95.00003052,86.00074770
'34:41.000',95.00003052,88.00013733
'34:42.000',95.00003052,87.00044252
'34:43.000',95.00003052,85.00012207
'34:44.000',95.00003052,82.00010681
'34:45.000',95.00003052,82.00010681
'34:46.000',96.00000000,81.00041200
'34:47.000',96.00000000,80.00071719
'34:48.000',96.00000000,79.00009156
'34:49.000',96.00000000,78.00039674
'34:50.000',96.00000000,78.00039674
'34:51.000',96.00000000,77.00070193
'34:52.000',96.00000000,77.00070193
'34:53.000',96.00000000,77.00070193
'34:54.000',96.00000000,77.00070193
'34:55.000',96.99996948,76.00007630
'34:56.000',96.00000000,76.00007630
'34:57.000',96.00000000,76.00007630
'34:58.000',96.00000000,76.00007630
'34:59.000',96.00000000,76.00007630
'35:00.000',95.00003052,76.00007630
'35:01.000',95.00003052,77.00070193
'35:02.000',95.00003052,77.00070193
'35:03.000',94.00006104,78.00039674
'35:04.000',94.00006104,78.00039674
'35:05.000',94.00006104,79.00009156
'35:06.000',94.00006104,79.00009156
'35:07.000',94.00006104,80.00071719
'35:08.000',94.00006104,80.00071719
'35:09.000',94.00006104,80.00071719
'35:10.000',94.00006104,81.00041200
'35:11.000',94.00006104,82.00010681
'35:12.000',94.00006104,84.00042726
'35:13.000',94.00006104,84.00042726
'35:14.000',94.00006104,84.00042726
'35:15.000',94.00006104,85.00012207
'35:16.000',94.00006104,83.00073244
'35:17.000',94.00006104,82.00010681
'35:18.000',95.00003052,81.00041200
'35:19.000',95.00003052,79.00009156
'35:20.000',95.00003052,78.00039674
'35:21.000',96.00000000,78.00039674
'35:22.000',96.00000000,77.00070193
'35:23.000',96.00000000,76.00007630
'35:24.000',96.00000000,75.00038148
'35:25.000',96.00000000,74.00068667
'35:26.000',96.00000000,74.00068667
'35:27.000',96.00000000,74.00068667
'35:28.000',96.00000000,73.00006104
'35:29.000',96.00000000,73.00006104
'35:30.000',96.00000000,73.00006104
'35:31.000',96.00000000,73.00006104
'35:32.000',96.00000000,74.00068667
'35:33.000',96.00000000,74.00068667
'35:34.000',96.00000000,73.00006104
'35:35.000',96.00000000,73.00006104
'35:36.000',96.00000000,72.00036622
'35:37.000',96.00000000,71.00067141
'35:38.000',96.00000000,71.00067141
'35:39.000',95.00003052,71.00067141
'35:40.000',95.00003052,73.00006104
'35:41.000',95.00003052,75.00038148
'35:42.000',95.00003052,75.00038148
'35:43.000',95.00003052,75.00038148
'35:44.000',94.00006104,75.00038148
'35:45.000',94.00006104,74.00068667
'35:46.000',94.00006104,74.00068667
'35:47.000',94.00006104,74.00068667
'35:48.000',94.00006104,73.00006104
'35:49.000',94.00006104,73.00006104
'35:50.000',94.00006104,74.00068667
'35:51.000',94.00006104,74.00068667
'35:52.000',94.00006104,75.00038148
'35:53.000',94.00006104,75.00038148
'35:54.000',94.00006104,78.00039674
'35:55.000',94.00006104,80.00071719
'35:56.000',94.00006104,80.00071719
'35:57.000',94.00006104,82.00010681
'35:58.000',94.00006104,82.00010681
'35:59.000',94.00006104,80.00071719
'36:00.000',94.00006104,79.00009156
'36:01.000',94.00006104,78.00039674
'36:02.000',94.00006104,77.00070193
'36:03.000',94.00006104,75.00038148
'36:04.000',94.00006104,75.00038148
'36:05.000',95.00003052,74.00068667
'36:06.000',95.00003052,74.00068667
'36:07.000',95.00003052,73.00006104
'36:08.000',95.00003052,74.00068667
'36:09.000',95.00003052,74.00068667
'36:10.000',95.00003052,74.00068667
'36:11.000',95.00003052,74.00068667
'36:12.000',95.00003052,72.00036622
'36:13.000',94.00006104,71.00067141
'36:14.000',94.00006104,71.00067141
'36:15.000',94.00006104,71.00067141
'36:16.000',94.00006104,71.00067141
'36:17.000',94.00006104,71.00067141
'36:18.000',94.00006104,71.00067141
'36:19.000',94.00006104,71.00067141
'36:20.000',94.00006104,71.00067141
'36:21.000',95.00003052,72.00036622
'36:22.000',95.00003052,72.00036622
'36:23.000',95.00003052,71.00067141
'36:24.000',95.00003052,71.00067141
'36:25.000',95.00003052,72.00036622
'36:26.000',96.00000000,72.00036622
'36:27.000',96.00000000,72.00036622
'36:28.000',96.00000000,72.00036622
'36:29.000',96.00000000,73.00006104
'36:30.000',96.00000000,73.00006104
'36:31.000',96.99996948,73.00006104
'36:32.000',96.99996948,73.00006104
'36:33.000',96.99996948,72.00036622
'36:34.000',96.99996948,72.00036622
'36:35.000',96.99996948,72.00036622
'36:36.000',96.99996948,72.00036622
'36:37.000',96.99996948,73.00006104
'36:38.000',96.00000000,73.00006104
'36:39.000',96.00000000,73.00006104
'36:40.000',96.00000000,73.00006104
'36:41.000',96.00000000,72.00036622
'36:42.000',96.00000000,71.00067141
'36:43.000',96.00000000,71.00067141
'36:44.000',96.00000000,71.00067141
'36:45.000',96.00000000,71.00067141
'36:46.000',96.00000000,71.00067141
'36:47.000',96.00000000,72.00036622
'36:48.000',95.00003052,72.00036622
'36:49.000',95.00003052,73.00006104
'36:50.000',95.00003052,74.00068667
'36:51.000',95.00003052,75.00038148
'36:52.000',95.00003052,75.00038148
'36:53.000',95.00003052,75.00038148
'36:54.000',95.00003052,75.00038148
'36:55.000',95.00003052,74.00068667
'36:56.000',95.00003052,74.00068667
'36:57.000',94.00006104,74.00068667
'36:58.000',94.00006104,75.00038148
'36:59.000',94.00006104,75.00038148
'37:00.000',94.00006104,75.00038148
'37:01.000',94.00006104,76.00007630
'37:02.000',94.00006104,77.00070193
'37:03.000',94.00006104,77.00070193
'37:04.000',94.00006104,77.00070193
'37:05.000',94.00006104,77.00070193
'37:06.000',93.00000000,76.00007630
'37:07.000',93.00000000,76.00007630
'37:08.000',93.00000000,76.00007630
'37:09.000',94.00006104,76.00007630
'37:10.000',94.00006104,76.00007630
'37:11.000',94.00006104,76.00007630
'37:12.000',94.00006104,77.00070193
'37:13.000',94.00006104,77.00070193
'37:14.000',94.00006104,77.00070193
'37:15.000',94.00006104,78.00039674
'37:16.000',95.00003052,78.00039674
'37:17.000',95.00003052,79.00009156
'37:18.000',95.00003052,81.00041200
'37:19.000',95.00003052,82.00010681
'37:20.000',95.00003052,80.00071719
'37:21.000',95.00003052,79.00009156
'37:22.000',96.00000000,78.00039674
'37:23.000',96.00000000,76.00007630
'37:24.000',96.00000000,75.00038148
'37:25.000',96.00000000,75.00038148
'37:26.000',96.00000000,75.00038148
'37:27.000',96.00000000,75.00038148
'37:28.000',96.00000000,75.00038148
'37:29.000',96.00000000,75.00038148
'37:30.000',95.00003052,75.00038148
'37:31.000',95.00003052,75.00038148
'37:32.000',95.00003052,75.00038148
'37:33.000',95.00003052,75.00038148
'37:34.000',95.00003052,74.00068667
'37:35.000',95.00003052,74.00068667
'37:36.000',95.00003052,73.00006104
'37:37.000',95.00003052,73.00006104
'37:38.000',95.00003052,73.00006104
'37:39.000',95.00003052,74.00068667
'37:40.000',95.00003052,75.00038148
'37:41.000',95.00003052,75.00038148
'37:42.000',95.00003052,76.00007630
'37:43.000',95.00003052,76.00007630
'37:44.000',95.00003052,76.00007630
'37:45.000',95.00003052,76.00007630
'37:46.000',95.00003052,75.00038148
'37:47.000',95.00003052,75.00038148
'37:48.000',95.00003052,76.00007630
'37:49.000',95.00003052,76.00007630
'37:50.000',95.00003052,76.00007630
'37:51.000',94.00006104,77.00070193
'37:52.000',94.00006104,77.00070193
'37:53.000',94.00006104,77.00070193
'37:54.000',94.00006104,77.00070193
'37:55.000',94.00006104,76.00007630
'37:56.000',94.00006104,75.00038148
'37:57.000',94.00006104,75.00038148
'37:58.000',94.00006104,75.00038148
'37:59.000',94.00006104,75.00038148
'38:00.000',94.00006104,75.00038148
'38:01.000',94.00006104,76.00007630
'38:02.000',94.00006104,76.00007630
'38:03.000',94.00006104,76.00007630
'38:04.000',94.00006104,76.00007630
'38:05.000',94.00006104,76.00007630
'38:06.000',95.00003052,75.00038148
'38:07.000',95.00003052,75.00038148
'38:08.000',94.00006104,75.00038148
'38:09.000',94.00006104,78.00039674
'38:10.000',94.00006104,78.00039674
'38:11.000',94.00006104,80.00071719
'38:12.000',94.00006104,80.00071719
'38:13.000',94.00006104,78.00039674
'38:14.000',94.00006104,77.00070193
'38:15.000',94.00006104,76.00007630
'38:16.000',94.00006104,76.00007630
'38:17.000',95.00003052,75.00038148
'38:18.000',95.00003052,74.00068667
